source_idx,question,old_answer,new_answer,old_time,new_time,old_evidence,new_evidence,flag,verdict,note
1208,who did Choi replace in the California State Assembly?,Harry Sidhu,Donald P. Wagner,2024-11-01,2024-12-01 00:00:00,"…fornia State Assembly, narrowly defeating Anaheim City Councilman Harry Sidhu in the primary and winning the general election with 60% of the vote. Personal life With his wife, Janie, and their two ch…","…ornia State Assembly, but narrowly lost the Republican primary to Donald P. Wagner, who went on to win the general election.http://elections.cdn.sos.ca.gov/sov/2010-primary/pdf/2010-complete-sov.pdf I…",,c,
1213,what was the name of the Universal theme park in which the Rank Group had an interest that it sold?,Universal Studios Florida,Universal Orlando Resort,2024-08-01,2024-09-01 00:00:00,"…ightclub division, Rank Entertainment, as well as its interest in Universal Studios Florida, and disposed of the Rank film library to Carlton Communications, to which it had recently also sold the Ran…","…ightclub division, Rank Entertainment, as well as its interest in Universal Orlando Resort, and disposed of the Rank film library to Carlton Communications, to which it had recently also sold the Rank…",,c,
1241,"who is initially angered by Cheech's notes on the script, but quickly realizes the ideas are excellent?",Shayne,David,2024-10-01,2024-11-01 00:00:00,"Plot In 1928, David Shayne is an idealistic young playwright newly arrived on Broadway from Pittsburgh. Desperate to gain financing for his play, God of Our Fathers, he is convinced by producer Julian…","…ting for his frustration with the demanding and talentless Olive, David is thrilled to cast alcoholic faded star Helen Sinclair in the lead role, along with the dieting British thespian Warner Purcell…",,c,
1243,what club is Liam James Rosenior the head coach of?,Hull City,Strasbourg,2024-07-01,2024-08-01 00:00:00,"…yer who was most recently the head coach of EFL Championship club Hull City. As a player, he played either as a full-back or winger. He played for Bristol City, Fulham, Torquay United, Reading, Ipswic…","…r and former player who is the current head coach of Ligue 1 club Strasbourg. As a player, he played either as a full-back or winger. He played for Bristol City, Fulham, Torquay United, Reading, Ipswi…",,g,
1245,who currently holds the post of EU Commissioner for Agriculture?,Commissioner Janusz Wojciechowski,Commissioner Christophe Hansen,2024-11-01,2024-12-01 00:00:00,… member of the European Commission. The post is currently held by Commissioner Janusz Wojciechowski. The post is in charge of rural issues including most notably the controversial Common Agricultural …,… member of the European Commission. The post is currently held by Commissioner Christophe Hansen. The post is in charge of rural issues including most notably the controversial Common Agricultural Pol…,,g,
1246,who played bass in the line-up supporting both Ron Asheton and James Williamson on twin lead guitars?,Jimmy,Recca,2024-08-01,2024-09-01 00:00:00,"Jimmy Recca (born 1953) is an American musician known as a former bass player in The Stooges via an incarnation that existed from early 1971 until their first break-up on July 9, 1971. After a brief p…","Jimmy Recca (born 1953) is an American musician known as a former bass player in The Stooges via an incarnation that existed from early 1971 until their first break-up on July 9, 1971. After a brief p…",,c,
1249,who holds the current men's course record at the Zevenheuvelenloop?,Joshua Cheptegei,Jacob Kiplimo,2024-11-01,2024-12-01 00:00:00,"…n 2009-11-15. The current men's course record is 41:05 (min:s) by Joshua Cheptegei from 2018 and the current women's course record is 44:20 by Letesenbet Gidey from 2019, both of which are also world …","…n 2009-11-15. The current men's course record is 40:42 (min:s) by Jacob Kiplimo from 2024 and the current women's course record is 44:20 by Letesenbet Gidey from 2019, both of which are also world bes…",,g,
1251,"what organisation did ""Hapoel Hatzair"" consolidate to form?",Workers' Party,Mapai,2024-08-01,2024-09-01 00:00:00,"…ed in 1905 and one of the organisations that consolidated to form Workers' Party in 1930. Its members were pro-British and supported Chaim Weizmann.Sofer, 2003, pp.","…ed in 1905 and one of the organisations that consolidated to form Mapai in 1930. Its members were pro-British and supported Chaim Weizmann.Sofer, 2003, pp.",,c,
1253,who is the current principal of Greenhead College?,Simon Lett,Mo Bunter,2024-09-01,2024-10-01 00:00:00,"…n the county of West Yorkshire, England. The current principal is Simon Lett. With over 2,700 students, it is a large sixth form college, attracting students from as far afield as Wakefield, Mancheste…","…n the county of West Yorkshire, England. The current principal is Mo Bunter. With over 2,700 students, it is a large sixth form college, attracting students from as far afield as Wakefield, Manchester…",,g,
1256,how many inches of precipitation does Kaktovik typically receive in a year?,5 inches,4 inches,2024-08-01,2024-09-01 00:00:00,… Precipitation totals are similar to desert regions as only about 5 inches with most of it falling from July to September.,… Precipitation totals are similar to desert regions as only about 4 inches with most of it falling from July to September.,수치?,c,
1259,what is the name of the unincorporated community formerly known as West Palm Beach Farms?,Palm Beach Farms,Royal Palm Estates,2024-07-01,2024-08-01 00:00:00,"Palm Beach Farms (formerly West Palm Beach Farms) is an unincorporated community in Palm Beach County, Florida, United States. The population is unknown, however. This town is similar to Southwest Ran…","Royal Palm Estates (formerly West Palm Beach Farms) is an unincorporated community in Palm Beach County, Florida, United States. The population is unknown, however. This town is similar to Southwest R…",,c,
1269,who is the current title holder of the UWA World Light Heavyweight Championship?,Sumika Yanagawa,Misa Kagura,2024-08-01,2024-09-01 00:00:00,"…hared between 28 different champions. The current title holder is Sumika Yanagawa, who is in her first reign.","…hared between 29 different champions. The current title holder is Misa Kagura, who is in her first reign.",,g,
1271,in which city is Saint Mary's College High School located?,Berkeley,Albany,2024-09-01,2024-10-01 00:00:00,"…College High School is a coeducational Catholic school located in Berkeley, California, United States. It came into being as part of Saint Mary's College of California, founded in 1863 by the Catholic…","…College High School is a coeducational Catholic school located in Albany, California, United States. It came into being as part of Saint Mary's College of California, founded in 1863 by the Catholic C…",,c,
1275,what French company partnered with AJ Lucas Group for the construction of the SEAGas pipeline?,Spie Capag,Spie Batignolles,2024-09-01,2024-10-01 00:00:00,…een Australian pipeline company AJ Lucas Group and French company Spie Capag. See also List of natural gas pipelines References External links Category:Natural gas pipelines in Australia Category:Ener…,…een Australian pipeline company AJ Lucas Group and French company Spie Batignolles. See also List of natural gas pipelines References External links Category:Natural gas pipelines in Australia Categor…,,c,
1286,which city is considered a satellite of Odesa?,Yuzhne,Pivdenne,2024-10-01,2024-11-01 00:00:00,"…es its beginning towards the Western Ukraine. Until 18 July 2020, Yuzhne was incorporated as a city of oblast significance. In July 2020, as part of the administrative reform of Ukraine, which reduced…","…hree nearby port cities have grown into a single conurbation, and Pivdenne is considered a satellite of Odesa. Name 11 May 1978 by the order of the Presidium of the Verkhovna Rada (parliament) of the …",,g,
1289,"who released a fifth album with MAM titled ""Southpaw""?",Gilbert,O'Sullivan,2024-11-01,2024-12-01 00:00:00,"…d his last top 20 hit, ""I Don't Love You But I Think I Like You"". Gilbert released a fifth album with MAM in 1977, Southpaw, but it failed to chart. O'Sullivan discovered his recording contract with M…","5 in Ireland. In June 1975, O'Sullivan had his last top 20 hit, ""I Don't Love You But I Think I Like You"". O'Sullivan released a fifth album with MAM in 1977, Southpaw, but it failed to chart. O'Sulli…",,c,
1291,where do the Indiana Mad Ants play their home games?,Noblesville Event Center,Gainbridge Fieldhouse,2024-09-01,2024-10-01 00:00:00,"…iated with the Indiana Pacers. The team plays their home games at Noblesville Event Center. From 2007 to 2023, the team played in Fort Wayne's Allen County War Memorial Coliseum and was known as the F…","…iated with the Indiana Pacers. The team plays their home games at Gainbridge Fieldhouse. From 2007 to 2023, the team played in Fort Wayne's Allen County War Memorial Coliseum and was known as the Fort…",,g,
1292,what language was spoken in Ben Gazzara's household when he was raised?,Italian,Sicilian,2024-11-01,2024-12-01 00:00:00,"…po and his father from Canicattì. He was raised in a monolingual, Italian-speaking household, and did not learn English until he went to school. Gazzara grew up in New York's Kips Bay neighborhood; he…","… life and education Gazzara was born in New York City, the son of Sicilian immigrants Angelina () and Antonio Gazzara, a laborer and carpenter; both parents were from the province of Agrigento—his mot…",,c,
1299,how many years did Sabatino Piscitelli play in the National Football League (NFL) prior to joining WWE?,Six years,Five seasons,2024-11-01,2024-12-01 00:00:00,"…nder the ring name Sabby. Prior to joining WWE, Piscitelli played six years in the National Football League (NFL). He was selected by the Tampa Bay Buccaneers in the second round (64th overall) of the…","…nder the ring name Sabby. Prior to joining WWE, Piscitelli played five seasons in the National Football League (NFL). He was selected by the Tampa Bay Buccaneers in the second round (64th overall) of …",수치?,c,
1304,how many times the original amount adjusted for inflation is the current fee for the Hollywood Walk of Fame?,Nine times,Eight times,2024-08-01,2024-09-01 00:00:00,"…(), and stood at $30,000 in 2012 (). , the fee was $75,000, about nine times the original amount adjusted for inflation. Grant was himself awarded a star in 1980 for his television work.","…(), and stood at $30,000 in 2012 (). , the fee was $75,000, about eight times the original amount adjusted for inflation. Grant was himself awarded a star in 1980 for his television work.",수치?,c,
1308,"how many years was ""Afterglow"" a staple on Genesis tours?",over ten years,over forty years,2024-10-01,2024-11-01 00:00:00,…ed to create a drone effect. It was a staple on Genesis tours for over ten years.,"…ed to create a drone effect. It was a staple on Genesis tours for over forty years. Unreleased material The group rehearsed Hackett's ""Please Don't Touch"" for Wind & Wuthering, but decided not to reco…",수치?,c,
1313,how many weeks of training do missionaries who already speak the language of their assigned area typically receive before being sent to their mission?,Three weeks,Four weeks,2024-09-01,2024-10-01 00:00:00,…e language of their assigned area are sent to their mission after three weeks. Other missionaries may spend as many as nine additional weeks in language training.,…e language of their assigned area are sent to their mission after four weeks. Other missionaries may spend as many as nine additional weeks in language training.,수치?,c,
1314,how many studio albums does Cornelius have?,six,eight,2024-07-01,2024-08-01 00:00:00,"…rs in depth. Discography The discography of Cornelius consists of six studio albums, three soundtracks, eight remix albums, three extended plays, fourteen singles and seven video albums. Studio albums…","…rs in depth. Discography The discography of Cornelius consists of eight studio albums, three soundtracks, eight remix albums, three extended plays, fourteen singles and seven video albums. Studio albu…",수치?,c,
1319,what is the easternmost region in the range of the collared kingfisher?,Polynesia,Melanesia,2024-10-01,2024-11-01 00:00:00,"…s a wide range extending from the Red Sea across southern Asia to Polynesia. A number of subspecies and subspecies groups have been split from this species including the Pacific kingfisher, the islet …","…s a wide range extending from the Red Sea across southern Asia to Melanesia. A number of subspecies and subspecies groups have been split from this species including the Pacific kingfisher, the islet …",,c,
1320,where did Anne Murray live in Ontario for over 40 years?,Markham,Thornhill,2024-07-01,2024-08-01 00:00:00,"…atment and continues to pursue a career in music. Murray lived in Markham, Ontario, for over 40 years, from the late 1970s through 2019. In 2019, she returned to live in her home province of Nova Scot…","…atment and continues to pursue a career in music. Murray lived in Thornhill, Ontario, for over 40 years, from the late 1970s through 2019. In 2019, she returned to live in her home province of Nova Sc…",,c,
1331,"which Arab countries, aside from Syria and the Palestinian territories, have immigrants that form significant diasporas in other Arab states?",Sudan,Lebanon,2024-08-01,2024-09-01 00:00:00,"…st Asia, and West Africa. Immigrants from Arab countries, such as Sudan, Syria and the Palestinian territories, also form significant diasporas in other Arab states. Overview Arab expatriates contribu…","…st Asia, and West Africa. Immigrants from Arab countries, such as Lebanon, Syria and the Palestinian territories, also form significant diasporas in other Arab states. Overview Arab expatriates contri…",,c,
1334,how many times has Rhode Island placed at the Miss Teen USA Pageant?,Seven,Eight,2024-08-01,2024-09-01 00:00:00,"…he name of the title held by that winner. Rhode Island has placed seven times at the Miss Teen USA Pageant, most recently in 2023 when Lola Paolissi made the top 20, it is the state's first placement …","…he name of the title held by that winner. Rhode Island has placed eight times at the Miss Teen USA Pageant, most recently in 2024 when Carissa Tillinghast made the top 20. The state's first finalist w…",수치?,c,
1336,what archdiocese is the Diocese of Le Puy-en-Velay originally/subordinately a suffragan of?,Archdiocese of Clermont,Archdiocese of Bourges,2024-09-01,2024-10-01 00:00:00,"…Auvergne-Rhône-Alpes. Currently the diocese is a suffragan of the Archdiocese of Clermont. Last bishop, as of April 2015 was bishop Luc Crépy. Actually is bishop in Versailles, Since February 2021.",…lpes. The diocese was originally a suffragan (subordinate) of the archdiocese of Bourges. By the 11th century it had become a direct suffragan of the papacy. The old Diocese of Le Puy was suppressed b…,,c,
1349,what is the ranking of French as the most spoken language by total number of speakers?,Fifth,Sixth,2024-09-01,2024-10-01 00:00:00,"…ench is also the 16th most natively spoken language in the world, fifth most spoken language by total number of speakers and is on the top five of the most studied languages worldwide (with about 120 …","…ench is also the 16th most natively spoken language in the world, sixth most spoken language by total number of speakers and is on the top five of the most studied languages worldwide (with about 120 …",수치?,c,
1352,what month did Season 1 of Rowan & Martin's Laugh-In end?,March,April,2024-10-01,2024-11-01 00:00:00,"…on, and Monte Landis. Season 1, 1968 Season 1 ran from January to March, 1968 with 14 episodes. Gary Owens joined the cast in the first episode along with series regulars Pamela Austin, Eileen Brennan…","…on, and Monte Landis. Season 1, 1968 Season 1 ran from January to April 1968 with 14 episodes. Gary Owens joined the cast in the first episode along with series regulars Pamela Austin, Eileen Brennan,…",,c,
1357,when did coal deposition resume after being interrupted by the Permian-Triassic extinction event?,Later in the Permian,Later in the Middle Triassic,2024-10-01,2024-11-01 00:00:00,"…interrupted by the Permian-Triassic extinction event, but resumed later in the Permian. Extensive bituminous coal deposits of Permian age are found in Siberia, east Asia, and Australia.","…interrupted by the Permian-Triassic extinction event, but resumed later in the Middle Triassic. Extensive bituminous coal deposits of Permian age are found in Siberia, east Asia, and Australia.",,c,
1358,who owns the American premium cable and satellite television network Starz?,Lionsgate,Starz Entertainment,2024-11-01,2024-12-01 00:00:00,"… American premium cable and satellite television network owned by Lionsgate, and is the flagship property of parent subsidiary Starz Inc. Launched in 1994 as a multiplex service of Starz Encore, progr…","… American premium cable and satellite television network owned by Starz Entertainment, and is the flagship property of parent subsidiary Starz Inc. Launched in 1994 as a multiplex service of Starz Enc…",,g,
1359,"where was ""Long Gone Day"" first performed live by the band?",The Moore Theatre,The Crocodile Cafe,2024-07-01,2024-08-01 00:00:00,"…ve at the band's April 29, 1995 concert in Seattle, Washington at the Moore Theatre. A performance of ""Long Gone Day"" can be found on the Live at the Moore home video release. Personnel Layne Staley –…","…ve at the band's April 22, 1995 concert in Seattle, Washington at the Crocodile Cafe. A performance of ""Long Gone Day"" can be found on the Live at the Moore home video release. Personnel Layne Staley …",,c,
1361,who starred alongside Sidney Poitier in the film adaptation of the novel?,Lulu,Judy Geeson,2024-11-01,2024-12-01 00:00:00,…was made into a film of the same name starring Sidney Poitier and Lulu. The film's title song became a U.S. 1 hit that year.,…was made into a film of the same name starring Sidney Poitier and Judy Geeson. The film's title song sung by Lulu became a U.S. 1 hit that year.,,c,
1375,who liberated the village of Varsseveld from Nazi control?,English Allied Forces,Canadian forces,2024-08-01,2024-09-01 00:00:00,"…r weeks later, on 31 March 1945, the village was liberated by the English Allied Forces.","… Four weeks later, on 31 March 1945, the village was liberated by Canadian forces.",,c,
1377,what constituency did Addo-Kufuor represent in parliament after the 2004 Ghanaian general elections?,Bekwai constituency,Manhyia constituency,2024-08-01,2024-09-01 00:00:00,…tions Addo-Kufuor was elected as the member of parliament for the Bekwai constituency of the Ashanti Region of Ghana in the 2004 Ghanaian general elections. He won on the ticket of the New Patriotic P…,"…ament during the December 1996 Ghanaian General Elections for the Manhyia Constituency in the Ashanti Region. He polled 59,227 votes out of the 72,789 valid votes cast representing 63.30% against Yaw …",,c,
1379,what is the name of the arena that is a neighbor of California Hospital Medical Center?,Staples Center,Crypto.com Arena,2024-07-01,2024-08-01 00:00:00,"… over 70,000 patients each year. The hospital's neighbors include Staples Center, ""L.A. Live"" and the Fashion Institute of Design & Merchandising. Services California Hospital's services include: Emer…","… over 70,000 patients each year. The hospital's neighbors include Crypto.com Arena, ""L.A. Live"" and the Fashion Institute of Design & Merchandising. Services California Hospital's services include: Em…",,g,
1390,"in which language does the word ""danta"" mean Tooth?",Telugu,Odia,2024-11-01,2024-12-01 00:00:00,"…om. Emperor Asoka fought Kalinga War in 261 BC. The word danta in Telugu Language means Tooth. Dantapura, the reputed capital of ancient Kalingas. There is similarity between Dantavuram and Dantapura …","…om. Emperor Asoka fought Kalinga War in 261 BC. The word danta in Odia Language means Tooth. Dantapura, the reputed capital of ancient Kalingas. There is similarity between Dantavuram and Dantapura of…",,c,
1391,what Assembly constituency is the mandal a part of?,Chandragiri Assembly constituency,Tirupati Assembly constituency,2024-10-01,2024-11-01 00:00:00,"…epartment of AP Politics The mandal is one of the 7 mandals under Chandragiri Assembly constituency, which in turn is a part of Chittoor Lok Sabha constituency of Andhra Pradesh. , the mandal has 92,7…","…epartment of AP Politics The mandal is one of the 2 mandals under Tirupati Assembly constituency, which in turn is a part of Tirupati Lok Sabha constituency of Andhra Pradesh. , the mandal has 92,775 …",,c,
1392,"who was left in charge of the German company ""Meister Lucius & Bruening"" after the Germans left due to World War I?",Goembab,Valaulikar,2024-08-01,2024-09-01 00:00:00,"…ture and culture Due to World War I, the Germans had to leave and Goembab was left in charge of the company. He managed the company well in the absence of its management and on their return, he earned…","…ture and culture Due to World War I, the Germans had to leave and Valaulikar was left in charge of the company. He managed the company well in the absence of its management and on their return, he ear…",,c,
1394,who did the Mongol forces under Hulagu defeat in the Siege of Baghdad?,Ayyubids,Abbasids,2024-09-01,2024-10-01 00:00:00,"…ols in Syria In 1258, the Mongol forces under Hulagu defeated the Ayyubids in the Siege of Baghdad, sacking the city following his successful campaign against the Assassins. His wife Doquz Khatun is c…","…ols in Syria In 1258, the Mongol forces under Hulagu defeated the Abbasids in the Siege of Baghdad, sacking the city following his successful campaign against the Assassins. His wife Doquz Khatun is c…",,c,
1397,"how many in-game races were available for players to create a character from in ""Asheron's Call""?",six,three,2024-09-01,2024-10-01 00:00:00,"…all allowed players to create a character, or avatar, from one of six in-game races. The players could allocate a limited number of attribute points to attributes such as ""Strength"", ""Coordination"", a…","…all allowed players to create a character, or avatar, from one of three in-game races. The players could allocate a limited number of attribute points to attributes such as ""Strength"", ""Coordination"",…",수치?,c,
1398,"what studios, apart from McCartney's home studio in Sussex, Los Angeles' Henson Studios, London's RAK Studios and AIR Studios, and New York's SeeSquared Studios, were used to record new tracks for the album?",The Mill,Hog Hill Mill,2024-07-01,2024-08-01 00:00:00,"…rded at the following studios: McCartney's home studio in Sussex, The Mill, Los Angeles' Henson Studios, London's RAK Studios and AIR Studios, and New York's SeeSquared Studios. The songs recorded at …","…rded at the following studios: McCartney's home studio in Sussex, Hog Hill Mill, Los Angeles' Henson Studios, London's RAK Studios and AIR Studios, and New York's SeeSquared Studios. The songs recorde…",,c,
1413,who is the Chief of Police in Atlantic City?,Henry White,James A. Sarkos,2024-10-01,2024-11-01 00:00:00,"…ent, which handles 150,000 calls per year. The Chief of Police is Henry White.Home Page, Atlantic City Police Department. Accessed November 22, 2015. Education The Atlantic City School District serves…","…ent, which handles 150,000 calls per year. The Chief of Police is James A. Sarkos.Home Page, Atlantic City Police Department. Accessed October 22, 2024.",,g,
1414,what club is Eusebio Di Francesco currently managing?,Frosinone,Venezia,2024-06-01,2024-07-01 00:00:00,"…ayed as a midfielder. He is currently the manager of Serie A club Frosinone. Club career Di Francesco started his career with Tuscan teams Empoli and Lucchese. In 1995, he joined Piacenza, where he ha…","…otballer who played as a midfielder. He is the head coach of club Venezia. Club career Di Francesco started his career with Tuscan teams Empoli and Lucchese. In 1995, he joined Piacenza, where he had …",,g,
1415,"what university is Danny, the child of James J. Collins, attending as a scholar?",Duke University,Stanford University,2024-09-01,2024-10-01 00:00:00,"…he University of Cambridge, and Danny, a Rachel Carson Scholar at Duke University.","… University of Cambridge, and Danny, a Knight-Hennessy Scholar at Stanford University.",,c,
1417,what is Jacqueline van Rysselberghe Herrera's medical profession?,Surgeon,Psychiatrist,2024-07-01,2024-08-01 00:00:00,…line van Rysselberghe Herrera (born 3 February 1965) is a Chilean surgeon and politician. She is a member of the right-wing party Independent Democratic Union (UDI) was National Senator from 2014 to 2…,…line van Rysselberghe Herrera (born 3 February 1965) is a Chilean psychiatrist and politician. She is a member of the right-wing party Independent Democratic Union (UDI) was National Senator from 2014…,,c,
1424,who was the local ruler that learned of Nonita's pregnancy and feared the power of the child to be born?,Aergol Lawhir,Vortiporius,2024-06-01,2024-07-01 00:00:00,… child would himself be a great preacher. A local ruler (possibly Aergol Lawhir) learned of this pregnancy and feared the power of the child to be born.,… child would himself be a great preacher. A local ruler (possibly Vortiporius) learned of this pregnancy and feared the power of the child to be born.,,c,
1443,"what is the affiliation of Wangler, Redding, Poet, Keane, and Adebisi?",African-American Homeboys,African-American Catholics/Christians,2024-10-01,2024-11-01 00:00:00,"…ryone within each group survives the show's events. There are the African-American Homeboys (Wangler, Redding, Poet, Keane, Adebisi) and Muslims (Said, Arif, Khan), the Wiseguys (Pancamo, Nappa, Schib…","…ryone within each group survives the show's events. There are the African-American Catholics/Christians (Wangler, Redding, Poet, Keane, Adebisi) and Criminals (Said, Arif, Khan), the Wiseguys (Pancamo…",,c,
1444,in which borough of New York is Eubie Blake interred in Cypress Hills Cemetery?,Brooklyn,Queens,2024-11-01,2024-12-01 00:00:00,"…nued to play and record until his death, on February 12, 1983, in Brooklyn, five days after events celebrating his purported 100th birthday (which was actually his 96th birthday). He was interred in C…","… his 96th birthday). He was interred in Cypress Hills Cemetery in Queens, New York.",,c,
1476,what is the nearest domestic airport to Sendamangalam?,Salem Airport,Tiruchirappalli International Airport,2024-08-01,2024-09-01 00:00:00,…luk. Economy Transport By Air The nearest domestic airport is the Salem Airport. By Rail The nearest major railway stations are in Namakkal and Salem.,…luk. Economy Transport By Air The nearest domestic airport is the Tiruchirappalli International Airport. By Rail The nearest major railway stations are in Namakkal and Salem.,,c,
1500,what highway connects Iloilo International Airport to Iloilo City proper?,Tomas Confesor Highway,Benigno S. Aquino Jr. Avenue,2024-10-01,2024-11-01 00:00:00,… International Airport is connected to Iloilo City proper via the Tomas Confesor Highway.,"… Airport is connected to Iloilo City proper via six to eight-lane Benigno S. Aquino Jr. Avenue. At Bangga Dama in Santa Barbara, the Tomas Confesor Highway serves as a bypass access road from the aven…",,g,
1502,what is a popular recreation destination in Buckeye?,Buckeye Hills Recreation Area,Buckeye Hills Regional Park,2024-08-01,2024-09-01 00:00:00,…storic Places. A popular recreation destination in Buckeye is the Buckeye Hills Recreation Area.,…storic Places. A popular recreation destination in Buckeye is the Buckeye Hills Regional Park.,,c,
1503,on the northern edge of which city or town is Cave Creek located in northern Maricopa County?,Paradise Valley,Scottsdale,2024-07-01,2024-08-01 00:00:00,"…sert. It sits in northern Maricopa County on the northern edge of Paradise Valley, with mountains rising to the north that eventually connect with the New River Mountains and the Black Hills.","…sert. It sits in northern Maricopa County on the northern edge of Scottsdale, with mountains rising to the north that eventually connect with the New River Mountains and the Black Hills.",,c,
1508,what notable award was George Schwartz Welch a recipient of?,Medal of Honor,Distinguished Service Cross,2024-10-01,2024-11-01 00:00:00,"…May 10, 1918 – October 12, 1954) was a World War II flying ace, a Medal of Honor nominee, and an experimental aircraft pilot after the war. Welch is best known for having been one of the few United St…","…May 10, 1918 – October 12, 1954) was a World War II flying ace, a Distinguished Service Cross recipient, and an experimental aircraft pilot after the war. Welch is best known for having been one of th…",,c,
1526,whose work may Marcel Duchamp not have been familiar with?,Sapeck,Bataille,2024-10-01,2024-11-01 00:00:00,"…isa treated satirically had already been explored in 1887 by (aka Sapeck) when he created Mona Lisa smoking a pipe, published in Le Rire.Coquelin, Ernest, Le Rire (2e éd.) / par Coquelin cadet ; ill. …","…idden Behind the Woman With the Moustache?"" Overview thumb|Eugène Bataille, La Joconde fumant la pipe, Le Rire, 1887 The subject of the Mona Lisa treated satirically had already been explored in 1887 …",,c,
1532,who is the heir apparent of Adam Blaylock Brinckman?,Alba Brinckman-Balsells,Marc Brinckman-Balsells,2024-07-01,2024-08-01 00:00:00,"…nsman of the present holder. His heir apparent is his eldest son, Alba Brinckman-Balsells (born 2000).","…nsman of the present holder. His heir apparent is his eldest son, Marc Brinckman-Balsells (born 2000).",,c,
1534,to which German city are rail cars ferried from Trelleborg?,Sassnitz,Rostock,2024-07-01,2024-08-01 00:00:00,…nates at a railway ferry quay allowing rail cars to be ferried to Sassnitz in Germany. A part of the railway is also part of the line between Malmö and Copenhagen via the Oresund Bridge. The first sev…,…nates at a railway ferry quay allowing rail cars to be ferried to Rostock in Germany. A part of the railway is also part of the line between Malmö and Copenhagen via the Oresund Bridge. The first seve…,,c,
1551,in which city is Pleasant Valley High School located?,Riverdale,Bettendorf,2024-11-01,2024-12-01 00:00:00,"…School is a public four-year comprehensive high school located in Riverdale, Iowa, on the border with Bettendorf, Iowa.Home. Pleasant Valley High School. Retrieved on July 14, 2018. ""Location: 604 Bel…","…School is a public four-year comprehensive high school located in Bettendorf, Iowa, on the border with Riverdale, Iowa.Home. Pleasant Valley High School. Retrieved on July 14, 2018. ""Location: 604 Bel…",,c,
1553,who was the owner and artist that helped form K-Paz de la Sierra along with Armando Rodríguez?,Juan Loredo,Rafael Solís,2024-10-01,2024-11-01 00:00:00,"…embers Armando Rodríguez playing Tambora (now with band AK-7) and Juan Loredo, owner and artist. K-Paz de la Sierra became well known in the genre within the United States, Mexico, and throughout Sout…","…embers Armando Rodríguez playing Tambora (now with band AK-7) and Rafael Solís, owner and artist. K-Paz de la Sierra became well known in the genre within the United States, Mexico, and throughout Sou…",,c,
1556,how many major awards has Christina Lamb won?,eighteen,nineteen,2024-11-01,2024-12-01 00:00:00,…the chief foreign correspondent of The Sunday Times. Lamb has won eighteen major awards including five British Press Awards and the European Prix Bayeux-Calvados for war correspondents. She is an Hono…,…the chief foreign correspondent of The Sunday Times. Lamb has won nineteen major awards including five British Press Awards and the European Prix Bayeux-Calvados for war correspondents. She is an Hono…,수치?,c,
1572,who is the current secretary of the Department of Financial Services?,Sanjay Malhotra,Nagaraju Maddirala,2024-08-01,2024-09-01 00:00:00,…Medium Enterprise. It started the Pradhan Mantri Jan Dhan Yojana. Sanjay Malhotra is the current secretary of this department. This department has ownership over the following central government estab…,…Medium Enterprise. It started the Pradhan Mantri Jan Dhan Yojana. Nagaraju Maddirala is the current secretary of this department. This department has ownership over the following central government es…,,g,
1574,how many ethnic categories were there in Spanish America?,Three,Four,2024-09-01,2024-10-01 00:00:00,"…red by the Spanish Crown. Initially in Spanish America there were three ethnic categories. They generally referred to the multiplicity of indigenous American peoples as ""Indians"" (indios). Those from …",…m as required by the Spanish Crown. In Spanish America there were four ethnic categories.,수치?,c,
1609,which bird group were the Calcariidae traditionally grouped with?,New World sparrows,buntings,2024-11-01,2024-12-01 00:00:00,"… of passerine birds which had been traditionally grouped with the New World sparrows, but differ in a number of respects and are usually found in open grassy areas. Lapland longspur, Calcarius lapponi…",… A Eurasian siskin Spinus spinus Lucherino – A Longspurs and snow buntings Order: PasseriformesFamily: Calcariidae The Calcariidae are a group of passerine birds which had been traditionally grouped w…,,c,
1610,what birds do rollers resemble in size and build?,Crows,Jays,2024-11-01,2024-12-01 00:00:00,"…r Rollers Order: CoraciiformesFamily: Coraciidae Rollers resemble crows in size and build, but are more closely related to the kingfishers and bee-eaters. They share the colourful appearance of those …","…A Rollers Order: CoraciiformesFamily: Coraciidae Rollers resemble jays in size and build, but are more closely related to the kingfishers and bee-eaters. They share the colourful appearance of those g…",,c,
1612,what level of the English football league system does Gillingham Football Club play in?,The third level,The fourth level,2024-08-01,2024-09-01 00:00:00,"…n football club based in Gillingham, Kent, playing in League One, the third level of the English football league system, as of the 2019–20 season. The club was formed in 1893 as New Brompton F.C.,Trig…","…otball club based in Gillingham, Kent, playing in EFL League Two, the fourth level of the English football league system, as of the 2024–25 season. The club was formed in 1893 as New Brompton F.C.,Tri…",수치?,g,
1627,which parliamentary constituency is Chickerell in for UK Parliament elections?,West Dorset,South Dorset,2024-11-01,2024-12-01 00:00:00,"…Council. For elections to the UK Parliament, Chickerell is in the West Dorset parliamentary constituency.","…Council. For elections to the UK Parliament, Chickerell is in the South Dorset parliamentary constituency.",,g,
1632,who is one of the most well-known individuals from Deir Mimas?,Dr. George Fawaz,Ibrahim Musa,2024-10-01,2024-11-01 00:00:00,"…te minority. One of the most known individuals from Deir Mimas is Dr. George Fawaz, a renowned former pharmacologist at the American University of Beirut. One of the priests that served most of his en…","…nority. One of the most well-known individuals from Deir Mimas is Ibrahim Musa, A Lebanese American businessman who started the Moussa Foundation, A foundation giving monetary relief by providing educ…",,c,
1634,how many members are on the Board of Directors of the non-governmental organization?,Six,Five,2024-09-01,2024-10-01 00:00:00,"…Now Currently, the non-governmental organization is governed by a six-member Board of Directors.https://www.rebuildingalliance.org/board-of-directors-ra References Category:2003 establishments in Cali…","…nk. Currently, the non-governmental organization is governed by a five-member Board of Directors. Criticism and controversies In September 2024, the Washington Free Beacon, a conservative-leaning poli…",수치?,c,
1650,who is the head coach that named a 33-player squad for Fiji's national rugby union team?,Simon Raiwalui,Mick Byrne,2024-06-01,2024-07-01 00:00:00,"…ent Nike Fiji Water Players Current squad On 8 August, head coach Simon Raiwalui named a 33-player squad for the 2023 Rugby World Cup. Head Coach: Simon Raiwalui Caps Updated: 26 August 2023 Player re…","…esent Nike Fiji Water Players Current squad On 6 June, head coach Mick Byrne named a 33-player squad for upcoming tests in July. Head Coach: Mick Byrne Caps Updated: 6 June 2024 Player records Most ca…",,g,
1655,"what is the title of the live-action film based on the ""Dawn"" storyline, directed by Kon Ichikawa and including some animated sequences directed by Tezuka?",Hi no Tori,Phoenix,2024-07-01,2024-08-01 00:00:00,"…8, 2008. Adaptations Live-action film A live-action film entitled Hi no Tori, based on the Dawn storyline, directed by Kon Ichikawa and including some animated sequences directed by Tezuka, was releas…","…8, 2008. Adaptations Live-action film A live-action film entitled Phoenix, based on the Dawn storyline, directed by Kon Ichikawa and including some animated sequences directed by Tezuka, was released …",,c,
1666,"what are the local commercial radio stations in the area, aside from Capital Mid-Counties?",Free Coventry & Warwickshire,Hits Radio Coventry & Warwickshire,2024-09-01,2024-10-01 00:00:00,…try & Warwickshire. Local commercial stations in the area include Free Coventry & Warwickshire and Capital Mid-Counties. The village is covered by the Central ITV and BBC West Midlands TV regions broa…,…try & Warwickshire. Local commercial stations in the area include Hits Radio Coventry & Warwickshire and Capital Mid-Counties. The village is covered by the Central ITV and BBC West Midlands TV region…,,g,
1668,what was the location of Googie's boarding school?,Near Dover,Nonington,2024-10-01,2024-11-01 00:00:00,"…ndry in Birmingham, England, Googie was sent to a boarding school near Dover, and a secondary day school in London. Acting career Withers began acting at the age of twelve, and was student at the Ital…","…d, Googie was sent to Fredville Park School, a boarding school in Nonington, and a secondary day school in London. Acting career Withers began acting at the age of twelve, and was student at the Itali…",,c,
1672,who owns the Breville brand in the UK?,Jarden company,Newell Brands company,2024-07-01,2024-08-01 00:00:00,"…UK and Europe, since the Breville brand is owned by the unrelated Jarden company in the UK. Other brands include, Ronson, Solis, Gastroback, Stollar, Catler, Bork and Riviera&Bar.","…UK and Europe, since the Breville brand is owned by the unrelated Newell Brands company in the UK. Other brands include, Ronson, Solis, Gastroback, Stollar, Catler, Bork and Riviera&Bar.",,g,
1675,who was hired by Funny Or Die to oversee content production and development for the site and for the HBO partnership?,Andrew Steele,Harper Steele,2024-09-01,2024-10-01 00:00:00,"…. But it is an exciting deal."" In August 2008, Funny Or Die hired Andrew Steele, a twelve-year veteran of Saturday Night Live, and one of three head writers in recent years, to oversee content product…","…. But it is an exciting deal."" In August 2008, Funny Or Die hired Harper Steele, a twelve-year veteran of Saturday Night Live, and one of three head writers in recent years, to oversee content product…",,g,
1679,what team did Kevin Street make his final appearance for?,Alsager Town,Whitchurch Alport F.C.,2024-08-01,2024-09-01 00:00:00,…t. He later signed for Kidsgrove Athletic. In July 2014 he joined Alsager Town. Managerial career Street's first experience of management came in 2008 in a spell as joint caretaker manager with Neil G…,… where he played for two seasons.. Street's final team led him to Whitchurch Alport F.C. where he made his final appearance of his career in 2024 at the age of 46.. Managerial career Street's first ex…,,c,
1680,what is the easternmost point where Whitehorse Road is known as part of Maroondah Highway?,Mitcham,Surrey Hills,2024-07-01,2024-08-01 00:00:00,"Maroondah Highway (also known as Whitehorse Road from Deepdene to Mitcham) is a major east–west thoroughfare in the eastern suburbs of Melbourne, and a highway connecting the north-eastern fringes of …","Maroondah Highway (also known as Whitehorse Road from Deepdene to Surrey Hills) is a major east–west thoroughfare in the eastern suburbs of Melbourne, and a highway connecting the north-eastern fringe…",,c,
1682,who is the city manager of Lemoore?,Nathan Olson,Marissa Trejo,2024-10-01,2024-11-01 00:00:00,"…im Chaney, David Orth and Stuart Lyons. Lemoore's city manager is Nathan Olson. State and federal representation In the California State Legislature, Lemoore is in ,<ref>Fresno Bee”, December 6, 2018<…","…im Chaney, David Orth and Stuart Lyons. Lemoore's city manager is Marissa Trejo. State and federal representation In the California State Legislature, Lemoore is in ,<ref>Fresno Bee”, December 6, 2018…",,g,
1683,who was the soldier from the Los Angeles Presidio that received the land grant for the area that would later become Alhambra?,Manuel Nieto,Armane Gutter,2024-08-01,2024-09-01 00:00:00,"…er become Alhambra was part of a 300,000 acre land grant given to Manuel Nieto, a soldier from the Los Angeles Presidio.","…hat would later become Alhambra was part of a land grant given to Armane Gutter, a soldier from the Los Angeles Presidio.",,c,
1688,what is the highest grade level that Foothill Oaks Academy serves?,8th grade,7th grade,2024-10-01,2024-11-01 00:00:00,…is a non-sectarian school serving students from preschool through 8th grade.,…is a non-sectarian school serving students from preschool through 7th grade (since 4 September 2024.)The Duarte Montessori School is affiliated with the American Montessori Society and serves students…,,c,
1694,who is the Mayor of Maywood?,Frank Garcia,Eddie De La Riva,2024-08-01,2024-09-01 00:00:00,"…humb|City Hall Municipal government The council consists of Mayor Frank Garcia, Mayor Pro Tempore Mayra Aguiluz, Councilman Eddie De La Riva, Councilman Heber Marquez and Councilwoman Jessica Torres.","…humb|City Hall Municipal government The council consists of Mayor Eddie De La Riva, Mayor Pro Tempore Mayra Aguiluz, Councilman Frank Garcia, Councilman Heber Marquez and Councilwoman Jessica Torres.",,g,
1695,who is the current Police Chief of Palos Verdes Estates?,Steve Barber,Luke Hellinga,2024-09-01,2024-10-01 00:00:00,…ail. Both are staffed 24 hours a day. The current Police Chief is Steve Barber. Fire prevention and paramedic response services are provided by the Los Angeles County Fire Department with engine compa…,…ail. Both are staffed 24 hours a day. The current Police Chief is Luke Hellinga. Fire prevention and paramedic response services are provided by the Los Angeles County Fire Department with engine comp…,,g,
1696,"in how many countries did the record ""Into the Light"" chart?",Five,Six,2024-09-01,2024-10-01 00:00:00,"…e others lamented the album's softer sound. The record charted in five countries, peaking at number five on the UK Rock & Metal Albums Chart. A supporting tour never materliazed, with Coverdale ultima…","…e others lamented the album's softer sound. The record charted in six countries, peaking at number five on the UK Rock & Metal Albums Chart. A supporting tour never materliazed, with Coverdale ultimat…",수치?,c,
1704,what is the name of the school in downtown Mill Valley that serves students with specific needs or grade levels?,Greenwood School,North Bridge Academy,2024-08-01,2024-09-01 00:00:00,"…ict, whose five campuses serve central and southern Marin County. Greenwood School, an independent school located in downtown Mill Valley, serves preschool-8th grade students. Marin Horizon School is …","…ict, whose five campuses serve central and southern Marin County. North Bridge Academy, a private school located in downtown Mill Valley, serves 2nd - 8th grade students with dyslexia. Marin Horizon S…",,g,
1705,who was the great-grandfather of Elias Sassoon that had been an investor in Socony-Vacuum Oil Company?,David Solomon Sassoon,Moses Sassoon,2024-07-01,2024-08-01 00:00:00,"…ues Bohor Yacoub Levi de Menashe (d.1916). His great-grandfather, David Solomon Sassoon (1871–1956) had been an investor in Socony-Vacuum Oil Company, which later partnered with Standard Oil to provid…","…ues Bohor Yacoub Levi de Menashe (d.1916). His great-grandfather, Moses Sassoon (1828–1909) had been an investor in Socony-Vacuum Oil Company, which later partnered with Standard Oil to provide market…",,c,
1709,how many Service Selection Board centres are there across India?,thirteen,fourteen,2024-11-01,2024-12-01 00:00:00,"…directly coming from the armed forces as well. In total there are thirteen Service Selection Board centres across India, out of which four boards are for the Indian Army, five boards are for Indian Ai…","… not be directly coming from the armed forces. In total there are fourteen Service Selection Board centres across India, out of which four boards are for the Indian Army, five boards are for Indian Ai…",수치?,c,
1710,who represents Strawberry in the 3rd Supervisorial District?,Supervisor Kate Sears,Supervisor Stephanie Moulton-Peters,2024-09-01,2024-10-01 00:00:00,"… It is in the 3rd Supervisorial District and, , is represented by Supervisor Kate Sears. The Strawberry Recreation District provides limited services in the area, including recreation facilities. It h…","…in the 3rd Supervisorial District and, in 2024, is represented by Supervisor Stephanie Moulton-Peters.",,g,
1714,"what nationality was Dr. David Livingstone, the explorer the town was named for?",British,Scottish,2024-08-01,2024-09-01 00:00:00,"…e-opened in 1883. The town was named for Dr. David Livingstone, a British explorer of Africa who was an international celebrity in the late 1800s. An error on the town's post office application result…","…e-opened in 1883. The town was named for Dr. David Livingstone, a Scottish explorer of Africa who was an international celebrity in the late 1800s. An error on the town's post office application resul…",,c,
1715,who is the Member of Parliament for the Mid Bedfordshire constituency?,Alistair Strathern,Blake Stephenson,2024-10-01,2024-11-01 00:00:00,"…023 by-election, the Member of Parliament for the constituency is Alistair Strathern, who is a member of the Labour Party. Transport Wixams is adjacent to the A6 trunk road, part of which was diverted…","…eneral election, the Member of Parliament for the constituency is Blake Stephenson, who is a member of the Conservative Party. Transport Wixams is adjacent to the A6 trunk road, part of which was dive…",,g,
1719,"who are the personalities that air on WRNN-FM, in addition to Mike Gallagher, Clay Travis and Buck Sexton, Sean Hannity, and Mark Levin?",Jim Bohannon,Rich Valdes,2024-09-01,2024-10-01 00:00:00,"…agher, Clay Travis and Buck Sexton, Sean Hannity, Mark Levin, and Jim Bohannon.","…agher, Clay Travis and Buck Sexton, Sean Hannity, Mark Levin, and Rich Valdes.",,g,
1724,"what does the name ""Costa Mesa"" mean in Spanish?",mountain coast,coastal tableland,2024-09-01,2024-10-01 00:00:00,"…May 11, 1920, Harper changed its name to Costa Mesa, which means ""mountain coast"" in Spanish.","…May 11, 1920, Harper changed its name to Costa Mesa, which means ""coastal tableland"" in Spanish.",,c,
1737,which National Hockey League team does Tyson Barrie currently play for?,Nashville Predators,Calgary Flames,2024-10-01,2024-11-01 00:00:00,"…son, Tyson, followed in his footsteps and currently plays for the Nashville Predators of the National Hockey League.","…son, Tyson, followed in his footsteps and currently plays for the Calgary Flames of the National Hockey League.",,g,
1742,what county was Plumas County created from?,Yuba County,Butte County,2024-10-01,2024-11-01 00:00:00,"In 1852, Sierra County was created from part of Yuba County. After that time, La Porte was located in Sierra County. In 1854, Plumas County was created from part of Yuba County. In 1866, a further rea…","…in Sierra County. In 1854, Plumas County was created from part of Butte County. In 1866, a further realignment placed La Porte in Plumas County,Coy, Owen Cochran (1923) The Genesis of California Count…",,c,
1745,what type of Christian place of worship is Branston All Saints' Church?,Protestant,Anglican,2024-09-01,2024-10-01 00:00:00,"…ublic library run by volunteers. Branston All Saints' Church is a Protestant Christian place of worship. Education Branston C of E Infant School is located on Beech Road, to the northern end of the vi…","…ublic library run by volunteers. Branston All Saints' Church is a Anglican place of worship. Education Branston C of E Infant School is located on Beech Road, to the northern end of the village.",,c,
1746,who is the current BJW Deathmatch Heavyweight Champion?,Yuki Ishikawa,Hideyoshi Kamitani,2024-11-01,2024-12-01 00:00:00,…o have had a combined 48 official reigns. The current champion is Yuki Ishikawa who is in his first reign.,…o have had a combined 48 official reigns. The current champion is Hideyoshi Kamitani who is in his second reign.,,g,
1747,"what award did Kenji Mizoguchi win at the Venice Film Festival for ""Ugetsu""?",Silver Bear,Silver Lion,2024-11-01,2024-12-01 00:00:00,"…u (1952), Ugetsu (1953) and Sansho the Bailiff (1954). He won the Silver Bear at the Venice Film Festival for Ugetsu. Mizoguchi's films often deal with the tragedies inflicted on women by Japanese soc…","…u (1952), Ugetsu (1953) and Sansho the Bailiff (1954). He won the Silver Lion at the Venice Film Festival for Ugetsu. Mizoguchi's films often deal with the tragedies inflicted on women by Japanese soc…",,c,
1755,which agency's Data Intercept Technology Unit launched a project to migrate Omnivore from Sun's Solaris operating system to a Windows NT platform?,CIA,FBI,2024-11-01,2024-12-01 00:00:00,"By 2005 it had been replaced with improved commercial software. Development Carnivore grew out of an earlier FBI project called ""Omnivore"", which itself replaced an older undisclosed (at the time) sur…","…commercial software. Development Carnivore grew out of an earlier FBI project called ""Omnivore"", which itself replaced an older undisclosed (at the time) surveillance tool migrated at the US Navy by F…",,c,
1756,in what month was George Wootten awarded the Distinguished Service Order for staff work?,October,June,2024-06-01,2024-07-01 00:00:00,…osenthal). Wootten was awarded the Distinguished Service Order in October 1917 for staff work. He was then appointed to the staff of the 5th Division.,…osenthal). Wootten was awarded the Distinguished Service Order in June 1917 for staff work. He was then appointed to the staff of the 5th Division.,,c,
1758,which club does Thomas Joseph Delaney play for in the domestic league?,Anderlecht,Copenhagen,2024-07-01,2024-08-01 00:00:00,"…, who plays as a defensive midfielder for Belgian Pro League club Anderlecht, on loan from La Liga club Sevilla, and the Denmark national team. Delaney began his career at Copenhagen, making 249 total…","…er, who plays as a defensive midfielder for Danish Superliga club Copenhagen, and the Denmark national team. Delaney began his career at Copenhagen, making 249 total appearances and scoring 24 goals, …",,g,
1761,who did Mt. San Jacinto College purchase two five-story buildings from?,Abbott Vascular,Abbott Laboratories,2024-07-01,2024-08-01 00:00:00,…t of Interstate 15 after purchasing two five-story buildings from Abbott Vascular in 2018.,…t of Interstate 15 after purchasing two five-story buildings from Abbott Laboratories in 2018.,,c,
1766,who represents Twin River Unified School District Area 2 (New Foothill Farms)?,Michelle Revis,Sharon Reichelt,2024-07-01,2024-08-01 00:00:00,"…istrict Area 2 (New Foothill Farms) is represented by Nonpartisan Michelle Revis. Adjacent areas References Category:Census-designated places in Sacramento County, California Category:Census-designate…","…istrict Area 2 (New Foothill Farms) is represented by Nonpartisan Sharon Reichelt. Adjacent areas References Category:Census-designated places in Sacramento County, California Category:Census-designat…",,g,
1767,who is the Vice Mayor of Galt?,Paul Sandhu,David Bhatti,2024-08-01,2024-09-01 00:00:00,"…f term in parentheses) are: Mayor Shawn Farmer (2022), Vice Mayor Paul Sandhu (2022), Council Member Rich Lazano (2022), Council Member Kevin Papineau (2024) and Council Member Jay Vandenburg (2024). …","…f term in parentheses) are: Mayor Shawn Farmer (2022), Vice Mayor David Bhatti (2022), Council Member Rich Lazano (2022), Council Member Kevin Papineau (2024) and Council Member Jay Vandenburg (2024).…",,g,
1773,what stadium did the Roosters play at for 30 years after starting with the old sports ground?,Allianz Stadium,Sydney Football Stadium,2024-09-01,2024-10-01 00:00:00,"…started with the old sports ground and then 30 years with the old Allianz Stadium, Nobody else has played there.",…lared the club wanted to leave Stadium Australia and make the new Sydney Football Stadium as their home ground. Roosters CEO Nick Politis said to Fox Sports “I’ve heard other people say they want to p…,,c,
1780,who is the mayor of the city?,Cameron Gregg,Larry Bird,2024-11-01,2024-12-01 00:00:00,"…nited States House of Representatives, Hesperia is in . Municipal Cameron Gregg is the mayor of the city, with Brigit Bennington as the mayor pro tem. The other three council members are Larry Bird, B…","…nited States House of Representatives, Hesperia is in . Municipal Larry Bird is the mayor of the city, with Rebekah Swanson as the mayor pro tem. The other three council members are Brigit Bennington,…",,c,
1783,who is the Minister of Correctional Services?,Ronald Lamola,Pieter Groenewald,2024-08-01,2024-09-01 00:00:00,"…group. Since 2019, the Minister of Correctional Services has been Ronald Lamola. Prison reform The prison system in South Africa was first introduced by the European settlers.","…group. Since 2024, the Minister of Correctional Services has been Pieter Groenewald. Prison reform The prison system in South Africa was first introduced by the European settlers.",,g,
1784,"what was the name of the contemporary chronicler who wrote about the episode in his ""Life of the Brethren""?",Jordan of Saxony,Jordan of Quedlinburg,2024-08-01,2024-09-01 00:00:00,"…rothers, and he was eventually acquitted. Contemporary chronicler Jordan of Saxony writes about this episode in his Life of the Brethren: In May 1311, it is recorded that the bishop of Terni gave the …","…rothers, and he was eventually acquitted. Contemporary chronicler Jordan of Quedlinburg writes about this episode in his Life of the Brethren: In May 1311, it is recorded that the bishop of Terni gave…",,c,
1791,"in solar religious calendars, which zodiac sign marks the beginning of Chaitra?",Pisces,Aries,2024-09-01,2024-10-01 00:00:00,"…lar religious calendars, Chaitra begins with the Sun's entry into Pisces.","…lar religious calendars, Chaitra begins with the Sun's entry into Aries.",,c,
1794,in which parliamentary constituency is the Cricklade parish located?,North Wiltshire,South Cotswolds,2024-07-01,2024-08-01 00:00:00,"…ation recorded in the 2011 census was 4,982. The parish is in the North Wiltshire parliamentary constituency. From 1295 the Cricklade constituency returned two members of parliament. This parliamentar…","…ation recorded in the 2011 census was 4,982. The parish is in the South Cotswolds parliamentary constituency. From 1295 the Cricklade constituency returned two members of parliament. This parliamentar…",,g,
1795,which club sacked Steve Irwin over the incident?,Raiders club,Canberra club,2024-10-01,2024-11-01 00:00:00,"…at. Irwin told police Carney was the driver. Controversially, the Raiders club sacked Irwin over the incident (who was not charged with any offences), but retained Carney. On 24 June 2007, Irwin lashe…","…at. Irwin told police Carney was the driver. Controversially, the Canberra club sacked Irwin over the incident (who was not charged with any offences), but retained Carney.",,c,
1798,what match is used as the reference point for the caps and goals of Togo's players?,The match against South Sudan,The match against Equatorial Guinea,2024-09-01,2024-10-01 00:00:00,"… and 9 June 2024. Caps and goals correct as of 5 June 2024, after the match against South Sudan.","…tember 2024. Caps and goals correct as of 9 September 2024, after the match against Equatorial Guinea.",,g,
1802,what tunnel can be used to travel 10 miles from Heswall to Liverpool?,Queen Elizabeth Tunnel,Queensway (Birkenhead) Tunnel,2024-08-01,2024-09-01 00:00:00,…all is 13 miles from Chester and 10 miles from Liverpool (via the Queen Elizabeth Tunnel or 56 miles (avoiding the tunnels). The towers of Liverpool's cathedrals can be seen on the horizon from the to…,…all is 13 miles from Chester and 10 miles from Liverpool (via the Queensway (Birkenhead) Tunnel or 56 miles (avoiding the tunnels). The towers of Liverpool's cathedrals can be seen on the horizon from…,,c,
1805,in which team event did Albert Preuß win the bronze medal?,clay pigeons team event,Team trap event,2024-08-01,2024-09-01 00:00:00,"…peted in the 1912 Summer Olympics. He won the bronze medal in the clay pigeons team event. He also competed in the running deer, single shots event and finished 23rd. In the running deer, double shots…","…peted in the 1912 Summer Olympics. He won the bronze medal in the Team trap event. He also competed in the running deer, single shots event and finished 23rd. In the running deer, double shots event h…",,c,
1811,whose backyard do the monsters cause a ruckus in while Ginormica reunites with Derek by breaking into his TV station?,Susan's,Ginormica's,2024-06-01,2024-07-01 00:00:00,"…nd reunites with her family. While the monsters cause a ruckus in Susan's backyard with her family, she reunites with Derek by breaking into his TV station. Derek breaks off his engagement with the la…","…nd reunites with her family. While the monsters cause a ruckus in Ginormica's backyard with her family, she reunites with Derek by breaking into his TV station. Derek breaks off his engagement with th…",,c,
1812,who shot down Insectosaurus while she was trying to save Ginormica?,The ship,Gallaxhar,2024-06-01,2024-07-01 00:00:00,"…ractor beam. Insectosaurus tries to save her, but is shot down by the ship and seemingly killed. Onboard the ship, Ginormica furiously breaks free from her prison cell and chases down Gallaxhar, only …","…ck to her original self again. Suddenly, Ginormica is pulled into Gallaxhar's ship by a tractor beam. Insectosaurus tries to save her, but is shot down by Gallaxhar and seemingly killed. Onboard the s…",,c,
1821,who owns Michel et Augustin?,Danone,Ferrero,2024-06-01,2024-07-01 00:00:00,"…ichel et Augustin is owned by the French food-product corporation Danone since 2016. The brand started by producing flavored cookies (Petits sablés ronds et bons), and soon complemented its range with…","…chel et Augustin is owned by the Italian food-product corporation Ferrero since 2024. The brand started by producing flavored cookies (Petits sablés ronds et bons), and soon complemented its range wit…",,g,
1834,by what month had Chopin and Sand become lovers after his return to Paris?,June,July,2024-11-01,2024-12-01 00:00:00,"…e wrote, in Polish, ""My Sorrow"". Sand, in a letter to Grzymała of June 1838, admitted strong feelings for the composer and debated whether to abandon a current affair to begin a relationship with Chop…","…eturn to Paris his association with Sand began in earnest, and by July 1838 they had become lovers.",,c,
1836,who is the vice mayor of Santa Rosa?,Dianna MacDonald,Mark Stapp,2024-09-01,2024-10-01 00:00:00,"… districts. The city's mayor is Natalie Rogers, its vice mayor is Dianna MacDonald, and the other five council members are Eddie Alvarez, Victoria Fleming, Jeff Okrepkie, Chris Rogers, and Mark Stapp.","… districts. The city's mayor is Natalie Rogers, its vice mayor is Mark Stapp, and the other five council members are Eddie Alvarez, Victoria Fleming, Jeff Okrepkie, Chris Rogers, and Dianna MacDonald.",,g,
1840,in favor of which entity did Phitsanulok's role as an outpost against northern Burmese invasions diminish?,Lanna kingdom,Chiang Mai,2024-11-01,2024-12-01 00:00:00,…outpost against northern Burmese invasions diminished in favor of Lanna kingdom. The cities and towns in Northern Siam were under jurisdiction of Samuha Nayok and Southern Siam under Samuha Kalahom.,…outpost against northern Burmese invasions diminished in favor of Chiang Mai. The cities and towns in Northern Siam were under jurisdiction of Samuha Nayok and Southern Siam under Samuha Kalahom. The …,,c,
1851,what is Ligue 1 officially known as for sponsorship reasons?,Ligue 1 Uber Eats,Ligue 1 McDonald's,2024-07-01,2024-08-01 00:00:00,"Ligue 1, officially known as Ligue 1 Uber Eats for sponsorship reasons, is a French professional league for men's association football clubs. Being the top of the French football league system, it is …","Ligue 1, officially known as Ligue 1 McDonald's for sponsorship reasons, is a French professional league for men's association football clubs. Being the top of the French football league system, it is…",수치?,g,
1856,what nationalities are associated with the production of The Real Shlemiel?,European-Israeli,French-German-Israeli-Hungarian,2024-06-01,2024-07-01 00:00:00,"The Real Shlemiel, also Aaron's Magic Village () is a 1995 European-Israeli adventure-fantasy film. It was released in Germany and in the United States in 1997. The film is based on Stories for Childr…","The Real Shlemiel, also Aaron's Magic Village is a 1995 French-German-Israeli-Hungarian adventure-fantasy film. It was released in Germany and in the United States in 1997. The film is based on Storie…",,c,
1858,how many volumes of Neil Young Archives box sets will there be?,Five,Four,2024-07-01,2024-08-01 00:00:00,"…aterial.Shakey, Jimmy McDonough Young has said that there will be five volumes covering approximately 50 years.YouTube clip: ""Neil Young Archives Demo at Java."" The archives are divided into several s…","…cDonough As of July 26th, 2024, Young has said that there will be four volumes of Neil Young Archives box sets, this after some discussion as to whether or not to expand this number.",수치?,c,
1859,who is the current mayor of Sonora?,Matt Hawkins,Mark Plummer,2024-06-01,2024-07-01 00:00:00,"…orce ordinances. As of March 2020, the current mayor of Sonora is Matt Hawkins and the current city administrator is Melissa Eads. In the California State Legislature, Sonora is in , and in . In the U…","…force ordinances. As of June 2024, the current mayor of Sonora is Mark Plummer and the current city administrator is Melissa Eads. In the California State Legislature, Sonora is in , and in . In the U…",,g,
1862,what is the main street that the oldest buildings in downtown Fillmore are centered around?,Central Street,Central Avenue,2024-07-01,2024-08-01 00:00:00,"… oldest buildings are found in downtown, which is centered around Central Street.","… oldest buildings are found in downtown, which is centered around Central Avenue.",,c,
1877,who did Michael Ball replace at half-time to make his England national team debut?,Chris Powell,Terry Phelan,2024-10-01,2024-11-01 00:00:00,"…ll was named as a substitute, and made his debut when he replaced Chris Powell at half-time. Rangers (2001–2005) In 2001, he was allowed to leave Everton, primarily due to the club's financial problem…","…ll was named as a substitute, and made his debut when he replaced Terry Phelan at half-time. Rangers (2001–2005) In 2001, he was allowed to leave Everton, primarily due to the club's financial problem…",,c,
1880,how many times has Fabiano Luigi Caruana been the United States Chess Champion?,Three,Four,2024-10-01,2024-11-01 00:00:00,"… is an Italian and American chess grandmaster who is the reigning three-time United States Chess Champion. With a peak rating of 2844, Caruana is the third-highest-rated player in history. Born in Mia…","… is an Italian and American chess grandmaster who is the reigning four-time United States Chess Champion. With a peak rating of 2844, Caruana is the third-highest-rated player in history. Born in Miam…",수치?,c,
1881,who is T'Chaka's father?,King Azzuri,King T'Chanda,2024-10-01,2024-11-01 00:00:00,"…966) by Stan Lee (script) and Jack Kirby (art). The eldest son of King Azzuri and Queen Nanali, T'Chaka inherits the throne and the title of the Black Panther on his father's death by being helped in …","…r #53 (August 1966) by Stan Lee and Jack Kirby. The eldest son of King T'Chanda and Queen Nanali, T'Chaka inherits the throne and the title of the Black Panther on his father's death by being helped i…",,c,
1885,what team is Jim Stannard currently the first team goalkeeper coach for?,Dartford,Welling United,2024-06-01,2024-07-01 00:00:00,"…ampton. Stannard is currently the first team goalkeeper coach for Dartford. Playing career Having previously played for non-league Ford United (now Redbridge), Stannard began his professional career w…","…ampton. Stannard is currently the first team goalkeeper coach for Welling United. Playing career Having previously played for non-league Ford United (now Redbridge), Stannard began his professional ca…",,g,
1902,what is John Kirkland Reid's nationality?,British-Canadian,Scottish-Canadian,2024-07-01,2024-08-01 00:00:00,"John Kirkland Reid (born August 21, 1973) is a British-Canadian country music artist. Reid moved to Canada in July 1989 when he was 16 from Scotland United Kingdom. His father, a diesel mechanic, want…","John Kirkland Reid (born August 21, 1973) is a Scottish-Canadian country music artist. Reid moved to Canada in July 1989 when he was 16 from Scotland United Kingdom. His father, a diesel mechanic, wan…",,c,
1904,how many teams are relegated to the TFF First League each season?,Three teams,Six teams,2024-08-01,2024-09-01 00:00:00,"…rkish Cup, if not one of the top four, are also given a spot. The three teams with the fewest points each season are relegated to the TFF First League. The top two teams are nominated for the UEFA Cha…","…rkish Cup, if not one of the top four, are also given a spot. The six teams with the fewest points each season are relegated to the TFF First League. The top two teams are nominated for the UEFA Confe…",수치?,c,
1906,what was Geeta Basra's parents' religion?,Hindu,Sikh,2024-06-01,2024-07-01 00:00:00,"…ngh, she quit cinema. Early life Basra was born to Indian Punjabi Hindu parents in Portsmouth, Hampshire on the south coast of England, but now resides in Mumbai, India. She has one younger brother, R…","…ngh, she quit cinema. Early life Basra was born to Indian Punjabi Sikh parents in Portsmouth, Hampshire on the south coast of England, but now resides in Mumbai, India. She has one younger brother, Ra…",,c,
1913,who is the race director?,Niels Wittich,Rui Marques,2024-11-01,2024-12-01 00:00:00,"…hould parties break regulations. As of 2023, the race director is Niels Wittich, with Herbie Blash as a permanent advisor. Safety car In the event of an incident that risks the safety of competitors o…","…ations. As of the 2024 Las Vegas Grand Prix, the race director is Rui Marques, with Herbie Blash as a permanent advisor. Safety car In the event of an incident that risks the safety of competitors or …",,g,
1915,how many European Supercups did Franco Baresi win in his 20 seasons with Milan?,four,three,2024-10-01,2024-11-01 00:00:00,"…itles (reaching five finals in total), two Intercontinental Cups (four finals in total), four European Supercups (five finals in total), four Supercoppa Italiana (five finals in total), two Serie B ti…","… age 37. In his 20 seasons with Milan, he won six Serie A titles, three European Cup/UEFA Champions League titles (reaching five finals in total), two Intercontinental Cups (four finals in total), thr…",수치?,c,
1923,what is the name of Bill Slowsky's wife in the Comcast Cable's Xfinity broadband Internet service ads?,Lisa Slowsky,Karolyn Slowsky,2024-09-01,2024-10-01 00:00:00,"…t service. The ads feature an animatronic turtle couple, Bill and Lisa Slowsky. The ads are based on the idea that DSL, which Xfinity claims is slower than their service, is only fast enough for peopl…","…t service. The ads feature an animatronic turtle couple, Bill and Karolyn Slowsky. The ads are based on the idea that DSL, which Xfinity claims is slower than their service, is only fast enough for pe…",,c,
1924,what is the name of Bill Slowsky's partner in the Comcast Business ad series?,Lisa,Karolyn,2024-09-01,2024-10-01 00:00:00,"…ir commercials, downloads, and merch. The blog also redirected to Lisa's Blog when you go to the previous archives on the Slowskys website on archive.org. In the 2013 ad series, this time targeted to …","…ash widget that included their commercials, downloads, and merch. Karolyn's blog was replaced with Karolyn's Korner for the flash widget. In the 2013 ad series, this time targeted to Comcast Business,…",,c,
1925,who does Rachael Harris provide the voice for in The Slowskys?,Lisa,Karolyn,2024-09-01,2024-10-01 00:00:00,"… member of The Groundlings) Rachael Harris provides the voice for Lisa. Son Bill Slowsky, Jr.",… member of The Groundlings) Rachael Harris provides the voice for Karolyn.,,c,
1927,"how many film collaborations did Harold Pinter have with Joseph Losey, with ""The Servant"" being the first?",Four,Three,2024-11-01,2024-12-01 00:00:00,"…de, Sarah Miles, Wendy Craig and James Fox. The first of Pinter's four film collaborations with Losey, The Servant is a tightly constructed film about the psychological relationships among the four ce…","…FilmographyHirsch, 1980 p. 237: Filmography The first of Pinter's three film collaborations with Losey, The Servant is a tightly constructed film about the psychological relationships among the four c…",수치?,c,
1928,what level does the Ballinhassig Camogie team play at?,Senior A level,Premier Intermediate level,2024-07-01,2024-08-01 00:00:00,"…k GAA. Ballinhassig also have their own Camogie team, who play at Senior A level. The underage boys and girls teams compete in the South East League and Championship (from under 10s to under 16's ). H…","…k GAA. Ballinhassig also have their own Camogie team, who play at Premier Intermediate level. The underage boys and girls teams compete in the South East League and Championship (from under 10s to und…",,c,
1929,how many operating subsidiaries does Transdev Blazefield have?,Seven,Eight,2024-07-01,2024-08-01 00:00:00,"…d. Fleet and operations As of April 2022, Transdev Blazefield has seven operating subsidiaries: The Blackburn Bus Company The Burnley Bus Company The Harrogate Bus Company The Keighley Bus Company Ros…","…d. Fleet and operations As of April 2022, Transdev Blazefield has eight operating subsidiaries: The Blackburn Bus Company The Burnley Bus Company Flyer The Harrogate Bus Company The Keighley Bus Compa…",수치?,c,
1932,what script is used to write Njivice in its native language?,Serbian Cyrillic,Montenegrin Cyrillic,2024-10-01,2024-11-01 00:00:00,"Njivice (Serbian Cyrillic: Њивице) is a village in the Herceg Novi Municipality in Montenegro. Located at the entrance into Boka Kotorska, it provides a view of the town of Herceg Novi and Mount Orjen…","Njivice (Montenegrin Cyrillic: Њивице) is a village in the Herceg Novi Municipality in Montenegro. Located at the entrance into Boka Kotorska, it provides a view of the town of Herceg Novi and Mount O…",,c,
1936,which team does Jorge Aarón Claros Juárez play for?,Real España,Broncos,2024-06-01,2024-07-01 00:00:00,"…z (; born 8 January 1986) is a Honduran footballer, who plays for Real España. Club career Claros started his career at Vida before joining Honduran giants F.C. Motagua in 2005. In January 2012 he wen…","…z (; born 8 January 1986) is a Honduran footballer, who plays for Broncos. Club career Claros started his career at Vida before joining Honduran giants F.C. Motagua in 2005. In January 2012 he went on…",,g,
1937,where did Shay Youngblood teach creative writing?,NYU,City College of New York,2024-07-01,2024-08-01 00:00:00,…sts' colony and the Authors Guild. She taught creative writing at NYU and was the 2002-03 John and Renee Grisham Writer in Residence at the University of Mississippi.,… both Yaddo and the Authors Guild. She taught creative writing at City College of New York and was the 2002-2003 John and Renee Grisham Writer in Residence at the University of Mississippi.,,c,
1940,which teams did Brian Philip Isherwood play for in the Hawke Cup?,Mid Canterbury,Ashburton County,2024-11-01,2024-12-01 00:00:00,…keter who played for the Canterbury in the Plunket Shield and for Mid Canterbury in the Hawke Cup. He was a specialist wicketkeeper. In 1971–72 he and Cran Bull added 184* for Canterbury against Centr…,"…cricketer who played for Canterbury in the Plunket Shield and for Ashburton County in the Hawke Cup.Brian Isherwood, CricketArchive. Retrieved 2010-02-22. He was a specialist wicketkeeper. In 1971–72 …",,c,
1942,what Italian club is Paolo Vanoli the manager/head coach of?,Venezia,Torino,2024-06-01,2024-07-01 00:00:00,"…a left back or left midfielder. He is the manager of Italian club Venezia. Club career Vanoli, a journeyman, played for many clubs, including Hellas Verona, Parma, and Fiorentina (for 9 billion lire f…","…d as a left back or left midfielder. He is the head coach of club Torino. Club career Vanoli, a journeyman, played for many clubs, including Hellas Verona, Parma, and Fiorentina (for 9 billion lire fe…",,g,
1944,how many towns do Georgetown residents officially live in and pay local taxes to?,Four,Three,2024-08-01,2024-09-01 00:00:00,"… residents officially live in and pay local taxes to one of these four towns, but typically identify themselves as living in Georgetown. Georgetown has its own fire district, which also serves the sur…","… residents officially live in and pay local taxes to one of these three towns, but typically identify themselves as living in Georgetown. Georgetown has its own fire district, which also serves the su…",수치?,c,
1945,in which district is Veera Raaghavuni Kota located?,Prakasam District,Nellore District,2024-08-01,2024-09-01 00:00:00,"… R. Kota, is one of the major villages in Lingasamudram Mandal in Prakasam District in the Coastal Andhra Region of Andhra Pradesh, India. Location The village is in a river valley and has an anicut f…","… R. Kota, is one of the major villages in Lingasamudram Mandal in Nellore District in the Coastal Andhra Region of Andhra Pradesh, India. Location The village is in a river valley and has an anicut fo…",,c,
1948,which club is Patrice Carteron currently the head coach of?,Umm Salal,Sepahan SC,2024-11-01,2024-12-01 00:00:00,"…fender. He is currently the head coach of Qatar Stars League club Umm Salal. Some of his previous managerial posts include the Mali national team, Al-Nassr and Al-Ettifaq. Coaching career Cannes In 20…","…nder. He is currently the head coach of Iran premiere league club Sepahan SC. Some of his previous managerial posts include the Mali national team, Al-Nassr and Al-Ettifaq. Coaching career Cannes In 2…",,g,
1950,who is the current mayor of Limone sul Garda?,Antonio Martinelli,Franceschini Risatti,2024-06-01,2024-07-01 00:00:00,"…riginally every four, then every five years. The current mayor is Antonio Martinelli, elected on 27 May 2019. Mayor Term start Term end PartyGiovanni Battista Martinelli24 April 199514 June 2004IndFra…","…riginally every four, then every five years. The current mayor is Franceschini Risatti, elected for a fourth term on 10 June 2024. Mayor Term start Term end PartyGiovanni Battista Martinelli24 April 1…",,g,
1956,where were the first nature preserves established by STINAPA in 1969?,The Caribbean,The Netherlands Antilles,2024-08-01,2024-09-01 00:00:00,"… and Washington National Park, the first such nature preserves in the Caribbean. In 1979, the Slagbaai plantation was added to the park, now known as Washington Slagbaai National Park (WSNP). The Bona…","… and Washington National Park, the first such nature preserves in the Netherlands Antilles.",,c,
1969,"what territories, besides the American Wrestling Association, did King Kong Bundy compete in?",National Wrestling Alliance,Georgia Championship Wrestling,2024-06-01,2024-07-01 00:00:00,…arious territories such as the American Wrestling Association and National Wrestling Alliance. He also had a tendency to demand a five-count (as opposed to the usual three count) for pinfalls whenever…,…arious territories such as the American Wrestling Association and Georgia Championship Wrestling where he teamed with the Masked Superstar to defeat his former stablemates the Road Warriors for the NW…,,c,
1971,who was the son of Temür Khan that died before him?,Tachu,Deshou,2024-11-01,2024-12-01 00:00:00,"…ür Khan died without an heir on February 2, 1307, because his son Tachu had died a year earlier before him.","…ür Khan died without an heir on February 2, 1307, because his son Deshou had died a year earlier before him.",,c,
1975,what is the mass of Gliese 581c relative to Earth's mass?,At least 5.5 times,About 6.8 times,2024-07-01,2024-08-01 00:00:00,"…d in the system and the third in order from the star. With a mass at least 5.5 times that of the Earth, it is classified as a super-Earth (a category of planets with masses greater than Earth's up to …","…d in the system and the third in order from the star. With a mass about 6.8 times that of the Earth, it is classified as a super-Earth (a category of planets with masses greater than Earth's up to ten…",수치?,c,
1977,who remembers Father Petit as a martyr of charity because of his devoted service to the Potawatomi?,The Catholic Church,Notre Dame University,2024-06-01,2024-07-01 00:00:00,"… devoted service to the Potawatomi, Father Petit is remembered by the Catholic Church as a martyr of charity.","… devoted service to the Potawatomi, Father Petit is remembered by Notre Dame University as a martyr of charity. A Potawatomi Trail of Death marker in honor of Father Petit was placed at St. Philippine…",,c,
1978,who updated the original Intamin mechanics system of The Simpsons Ride building?,Oceaneering International,Entech Innovative Engineering,2024-08-01,2024-09-01 00:00:00,"… changed and the original Intamin mechanics system was updated by Oceaneering International. The construction began at Universal Studios Hollywood in mid-September 2007, with the disposal of the build…","… changed and the original Intamin mechanics system was updated by Entech Innovative Engineering. The construction began at Universal Studios Hollywood in mid-September 2007, with the disposal of the b…",,c,
1992,how many awards has Rani Mukerji won from her nominations?,Four awards from twelve nominations,Five awards from thirteen nominations,2024-09-01,2024-10-01 00:00:00,"…s in Bollywood, the Hindi language film industry. Mukerji has won four awards from twelve nominations, including a special nomination for Star of the Decade – Female.","…s in Bollywood, the Hindi language film industry. Mukerji has won five awards from thirteen nominations, including a special nomination for Star of the Decade – Female.",수치?,c,
1993,how many Best Actress wins does Rani Mukerji hold the record for?,Three consecutive wins,Four wins,2024-09-01,2024-10-01 00:00:00,"…cord for the most wins in the Best Actress category, leading with three consecutive wins. YearCategoryFilmResultRef.2003Best ActressSaathiya2004Chalte Chalte2005Hum TumBest Supporting ActressVeer-Zaar…","…cord for the most wins in the Best Actress category, leading with four wins. YearCategoryFilmResultRef.2003Best ActressSaathiya2004Chalte Chalte2005Hum TumBest Supporting ActressVeer-ZaaraYuva2006Best…",수치?,c,
1994,what nationality was Ivan Ivanovich Schmalhausen initially?,Russian,Ukrainian,2024-08-01,2024-09-01 00:00:00,"…n Ivanovich Schmalhausen (; 23 April 1884 – 7 October 1963) was a Russian and later Soviet zoologist and evolutionary biologist of German descent. He developed the theory of stabilizing selection, and…","…n Ivanovich Schmalhausen (; 23 April 1884 – 7 October 1963) was a Ukrainian and later Soviet zoologist and evolutionary biologist of German descent. He developed the theory of stabilizing selection, a…",,c,
1996,how many home teams does the Arizona Derby Dames have?,six,five,2024-09-01,2024-10-01 00:00:00,…DD's banked track for the 2010 season The Arizona Derby Dames has six home teams: The Bombshells are themed after the pin-up girls of the 1940s. Teams colors are Army green and red .,…DD's banked track for the 2010 season The Arizona Derby Dames has five home teams: The Bombshells are themed after the pin-up girls of the 1940s.,수치?,c,
1998,where is Generations Family Health Center located?,Main Street,Mansfield Avenue,2024-11-01,2024-12-01 00:00:00,"…s Administration also runs an outpatient primary-care facility on Main Street. Generations Family Health Center, a Federally Qualified Health Center, is also located on Main Street. Media Willimantic …","…h Center, a Federally Qualified Health Center, is also located on Mansfield Avenue. Media Willimantic is served by The Chronicle, a local paper founded in 1877 with continuous service since then, whic…",,c,
2009,how many cases does the official variant of Lithuanian have?,eight,seven,2024-09-01,2024-10-01 00:00:00,"…in the modern language. So the official variant of Lithuanian has eight cases; moreover, the illative case can be replaced with the locative case.","…in the modern language. So the official variant of Lithuanian has seven cases; moreover, the illative case can be replaced with the locative case.",수치?,c,
2014,what team is Richard Clune the current assistant coach of?,Toronto Marlies,Anaheim Ducks,2024-06-01,2024-07-01 00:00:00,…ssional ice hockey left winger and current assistant coach of the Toronto Marlies. Clune played in 423 AHL games and 139 National Hockey League (NHL) games during his career. Playing career Junior Clu…,…ssional ice hockey left winger and current assistant coach of the Anaheim Ducks. Clune played in 423 AHL games and 139 National Hockey League (NHL) games during his career. Playing career Junior Clune…,,g,
2015,who is the city manager of Rehoboth Beach?,Sharon Lynn,Taylour Tedder,2024-07-01,2024-08-01 00:00:00,"…ager. As of 2020, the mayor is Stan Mills and the city manager is Sharon Lynn.","…ager. As of 2020, the mayor is Stan Mills and the city manager is Taylour Tedder. There are several departments, city boards, commissions, and committees that oversee the daily functions of the city g…",,g,
2016,what company did Adtran acquire in the earliest mentioned year?,Bluesocket,Luminous Networks,2024-11-01,2024-12-01 00:00:00,"…elephone companies in the United States. In 2011, Adtran acquired Bluesocket, a maker of enterprise Wi-Fi equipment based in Burlington, Massachusetts. In December 2011 Adtran announced a plan to buy …","…elephone companies in the United States. In 2006, Adtran acquired Luminous Networks, a manufacturer of access network equipment. In 2011, it acquired Bluesocket, a maker of enterprise Wi-Fi equipment …",,c,
2033,which metropolitan area is Coconut Creek part of?,Miami metropolitan area,Fort Lauderdale metropolitan area,2024-11-01,2024-12-01 00:00:00,"…mated population of 57,348 in 2022. It is part of South Florida's Miami metropolitan area. The city seceded from Pompano Beach in the 1960s. It is nicknamed ""Butterfly Capital of the World"" because it…","…mated population of 57,348 in 2022. It is part of South Florida's Fort Lauderdale metropolitan area. The city seceded from Pompano Beach in the 1960s. It is nicknamed ""Butterfly Capital of the World"" …",,c,
2037,how many Grade II and II* listed buildings are on the Crumlin Navigation Colliery site?,eleven,thirteen,2024-09-01,2024-10-01 00:00:00,…in preserved to the north of the town. The colliery site contains eleven Grade II and II* listed buildings and is managed by the charity Glofa Navigation Cyf for the benefit of the community. Crumlin …,…in preserved to the north of the town. The colliery site contains thirteen Grade II and II* listed buildings and is managed by the charity Glofa Navigation Cyf for the benefit of the community. Crumli…,수치?,c,
2060,who starred as Potana in the remake of Bhakta Potana?,Gummadi,V. Nagayya,2024-08-01,2024-09-01 00:00:00,"…ast, The Hindu, 11 December 2011. It was remade in 1966, starring Gummadi as Potana.Bhakta Potana, 1966 film at IMDb.","…ast, The Hindu, 11 December 2011. It was remade in 1966, starring V. Nagayya as Potana.Bhakta Potana, 1966 film at IMDb. Plot Bammera Potana is a staunch devotee of Lord Rama. He lived a pious life wi…",,c,
2067,how many species of ibises have been recorded in Colombia?,Eight,Nine,2024-09-01,2024-10-01 00:00:00,"…dary feathers. They are strong fliers and despite their size and weight, very capable soarers. Eight species have been recorded in Colombia. White ibis, Eudocimus albus (Linnaeus, 1758) Scarlet ibis, …","…ngle family, Tinamidae, within their own order, the Tinamiformes. Nineteen species have been recorded in Colombia. Tawny-breasted tinamou, Nothocercus julius (Bonaparte, 1854) Highland tinamou, Nothoc…",수치?,c,
2077,how many species of swifts have been recorded in Venezuela?,Seventeen,Eighteen,2024-09-01,2024-10-01 00:00:00,"…f variable size with slender bodies, long tails, and strong legs. Seventeen species have been recorded in Venezuela. Greater ani, Crotophaga major Smooth-billed ani, Crotophaga ani Groove-billed ani, …","…ave long swept-back wings which resemble a crescent or boomerang. Eighteen species have been recorded in Venezuela. Spot-fronted swift, Cypseloides cherriei White-chinned swift, Cypseloides cryptus Bl…",수치?,c,
2083,how many species of tinamous have been recorded in French Guiana?,Seven,Eight,2024-09-01,2024-10-01 00:00:00,"…ngle family, Tinamidae, within their own order, the Tinamiformes. Seven species have been recorded in French Guiana. Great tinamou, Tinamus major Cinereous tinamou, Crypturellus cinereus Little tinamo…","…ngle family, Tinamidae, within their own order, the Tinamiformes. Eight species have been recorded in French Guiana. Great tinamou, Tinamus major Cinereous tinamou, Crypturellus cinereus Little tinamo…",수치?,c,
2084,how many species of plovers have been recorded in French Guiana?,Eight,Seven,2024-09-01,2024-10-01 00:00:00,"…e found in open country worldwide, mostly in habitats near water. Eight species have been recorded in French Guiana. Black-bellied plover, Pluvialis squatarola American golden-plover, Pluvialis domini…","…e found in open country worldwide, mostly in habitats near water. Seven species have been recorded in French Guiana. Black-bellied plover, Pluvialis squatarola American golden-plover, Pluvialis domini…",수치?,c,
2085,how many species of tanagers have been recorded in French Guiana?,Fifty,Forty-nine,2024-09-01,2024-10-01 00:00:00,"… insects, or other types of food. Most have short, rounded wings. Fifty species have been recorded in French Guiana.","… insects, or other types of food. Most have short, rounded wings. Forty-nine species have been recorded in French Guiana. Blue-backed tanager, Cyanicterus cyanicterus Hooded tanager, Nemosia pileata G…",수치?,c,
2091,what organization was founded by a group of seven Siamese students in Paris?,The People's Party,The Khana Ratsadon,2024-09-01,2024-10-01 00:00:00,"…el on the Rue Du Sommerard in Paris and founded what would become the People's Party. For five days, they met and proposed arguments for and against various aspects of the movement, the men were: 1.","…el on the Rue Du Sommerard in Paris and founded what would become the Khana Ratsadon. For five days, they met and proposed arguments for and against various aspects of the movement, the men were: 1.",,c,
2096,how many species of cuckoos have been recorded in Peru?,Seventeen,Eighteen,2024-11-01,2024-12-01 00:00:00,"…of variable size with slender bodies, long tails and strong legs. Seventeen species have been recorded in Peru.","…of variable size with slender bodies, long tails and strong legs. Eighteen species have been recorded in Peru.",수치?,c,
2097,how many bird species in Bolivia are endemic?,Fifteen,Sixteen,2024-11-01,2024-12-01 00:00:00,"…d in Bolivia. The avifauna of Bolivia has 1408 confirmed species. Fifteen are endemic, two have been introduced by humans, and 14 are rare or vagrants. An additional 40 species are hypothetical (see b…","…d in Bolivia. The avifauna of Bolivia has 1409 confirmed species. Sixteen are endemic, two have been introduced by humans, and 14 are rare or vagrants. An additional 40 species are hypothetical (see b…",수치?,c,
2112,"what was the nationality of Al-Muhtadi's mother, Qurb?",Greek,Roman,2024-08-01,2024-09-01 00:00:00,"…ph al-Wathiq. He was born in 833. Al-Muhtadi's mother was Qurb, a Greek slave. After the death of his father, Caliph al-Wathiq () in August 847, there were some officials who wanted to elect the young…","…ph al-Wathiq. He was born in 833. Al-Muhtadi's mother was Qurb, a Roman slave. After the death of his father, Caliph al-Wathiq () in August 847, there were some officials who wanted to elect the young…",,c,
2114,who is the current parent company of Cashcade?,GVC Holdings,Entain,2024-08-01,2024-09-01 00:00:00,"…mpany is now owned by the multinational online gambling operator, GVC Holdings , who took control of the business as part of its acquisition of Bwin.party and subsequently Cashcade in February 2016 fo…","…mpany is now owned by the multinational online gambling operator, Entain , who took control of the business as part of its acquisition of Bwin.party and subsequently Cashcade in February 2016 followin…",,g,
2121,who is the longest serving member on the Palm Coast City Council?,Klufas,Pontieri,2024-11-01,2024-12-01 00:00:00,"…ncilwoman Theresa Carli Pontieri (District 2) Councilman Nicholas Klufas (District 3) Councilman Charles Gambaro (District 4) Klufas is the longest serving on the Council, having been elected in 2016.…",…owing Council members: Mayor Mike Norris Vice Mayor Theresa Carli Pontieri (District ) Councilwoman Ty Miller (District 1) Councilman Ray Stevens (District 3) Councilman Charles Gambaro (District 4) P…,,g,
2122,where does Chris Joseph currently live?,London,Berlin,2024-07-01,2024-08-01 00:00:00,"…'babel'. He was born in Bury St Edmunds, Suffolk and now lives in London. He has collaborated with novelist Kate Pullinger on several projects, including 'The Breathing Wall' (2004), a novel that resp…","…'babel'. He was born in Bury St Edmunds, Suffolk and now lives in Berlin. He has collaborated with novelist Kate Pullinger on several projects, including 'The Breathing Wall' (2004), a novel that resp…",,g,
2128,which match is the reference point for the correctness of caps and goals?,The match against Somalia,The match against South Africa,2024-11-01,2024-12-01 00:00:00,"…ch 2024. Caps and goals are correct as of 21 November 2023, after the match against Somalia.","…er 2024. Caps and goals are correct as of 15 November 2024, after the match against South Africa. Recent call-ups The following players have been called up in the last 12 months. DEC Refused to join t…",,g,
2138,where is the Tawang district roughly located?,South Tibet,Arunachal Pradesh,2024-06-01,2024-07-01 00:00:00,"…e 27° 45’ N and longitude 90° 15’ E at the northwest extremity of South Tibet. Elevations range between 6,000 and , and inhabitants are found at lower altitude, where they enjoy a cool temperate clima…","…e 27° 45’ N and longitude 90° 15’ E at the northwest extremity of Arunachal Pradesh. Elevations range between 6,000 and , and inhabitants are found at lower altitude, where they enjoy a cool temperate…",,c,
2144,what ethnicity is Alina Ibragimova's family?,Bashkir,Tartar,2024-06-01,2024-07-01 00:00:00,"…and education Ibragimova was born in Polevskoy, Russian SSR, to a Bashkir family. Her family was musical, and she began playing the violin at age four. At 5, she started at the Gnessin School of Music…","…and education Ibragimova was born in Polevskoy, Russian SSR, to a Tartar family. Her family was musical, and she began playing the violin at age four. At 5, she started at the Gnessin School of Music …",,c,
2146,who accompanied Varaha when he was adorned with jewels?,Lakshmi,Bhudevi,2024-10-01,2024-11-01 00:00:00,…s and a white face. He was adorned with jewels and accompanied by Lakshmi.,…s and a white face. He was adorned with jewels and accompanied by Bhudevi.,,c,
2149,who won the last election in the Darsi assembly constituency?,Maddisetti Venugopal,Buchepalli Siva Prasad Reddy,2024-06-01,2024-07-01 00:00:00,"…m district. In the last elections, YSRCP (YSR Congress) candidate Maddisetti Venugopal won by a margin of 39057 votes against Kadiri Babu Rao. Water Source The residents primarily depend on the Nagarj…","…m district. In the last elections, YSRCP (YSR Congress) candidate Buchepalli Siva Prasad Reddy won by a margin of 2456 votes against Gottipati Lakshmi. Water Source The residents primarily depend on t…",,g,
2160,what is the match against which the caps and goals of the Martinique national football team players are counted?,Guyana,Guadeloupe,2024-10-01,2024-11-01 00:00:00,"…the 2024–25 CONCACAF Nations League matches against Guatemala and Guyana on 5 and 9 September 2024 respectively. Caps and goals as of 9 September 2024, after the match against Guyana. Recent call-ups …","…called up for the 2024–25 CONCACAF Nations League matches against Guadeloupe on 11 and 15 October 2024 . Caps and goals as of 15 October 2024, after the second match against Guadeloupe. Recent call-up…",,g,
2172,in which borough was the Triangle Ballroom located where Curly Howard regularly turned up?,Brooklyn,Queens,2024-08-01,2024-09-01 00:00:00,"…er and singer and regularly turned up at the Triangle Ballroom in Brooklyn, occasionally bumping into actor George Raft. When Howard was 13, he accidentally shot himself in the left ankle while cleani…","…er and singer and regularly turned up at the Triangle Ballroom in Queenshttp://www.newdavesrailpix.com/nyc/htm/bqt273.htm , occasionally bumping into actor George Raft. When Howard was 13, he accident…",,c,
2175,where is Ronald Howard Jirsa currently an assistant coach?,UNC Greensboro,Eastern Kentucky,2024-08-01,2024-09-01 00:00:00,"…n college basketball coach who is currently an assistant coach at UNC Greensboro. He was previously the head coach at Georgia and Marshall. Early life and education Jirsa was born in New London, Conne…","…n college basketball coach who is currently an assistant coach at Eastern Kentucky. He was previously the head coach at Georgia and Marshall. Early life and education Jirsa was born in New London, Con…",,g,
2181,what is the scientific name of the Levant sparrowhawk?,Accipiter brevipes,Tachyspiza brevipes,2024-08-01,2024-09-01 00:00:00,"The Levant sparrowhawk (Accipiter brevipes) is a small bird of prey. It measures in length with a wingspan of . The female is larger than the male, but the difference is not as marked as with Eurasian…","The Levant sparrowhawk (Tachyspiza brevipes) is a small bird of prey. It measures in length with a wingspan of . The female is larger than the male, but the difference is not as marked as with Eurasia…",,c,
2182,how many primary brand subsidiaries does The Warehouse Group currently own?,four,three,2024-07-01,2024-08-01 00:00:00,"…w Zealand. Active subsidiaries The Warehouse Group currently owns four primary brand subsidiaries and one online shopping platform. The Warehouse The primary and central store for the Group, founded i…","…w Zealand. Active subsidiaries The Warehouse Group currently owns three primary brand subsidiaries. The Warehouse The primary and central store for the Group, founded in 1982 by Sir Stephen Tindall, i…",수치?,c,
2191,what is the name of the stadium mentioned alongside FIU Baseball Stadium and FIU Arena as one of the university's athletic facilities in University Park?,Riccardo Silva Stadium,Pitbull Stadium,2024-08-01,2024-09-01 00:00:00,"…Research Center, and the university's athletic facilities such as Riccardo Silva Stadium, FIU Baseball Stadium, and FIU Arena.","…Research Center, and the university's athletic facilities such as Pitbull Stadium, FIU Baseball Stadium, and FIU Arena.",,g,
2198,who is the main shirt sponsor of Wigan Warriors?,Open Exchange,Greenmount Projects,2024-07-01,2024-08-01 00:00:00,"…5ErreàCoral2016–20182019Prestone2020Hummel2021–2022Iqoniq2022–2023Open Exchange2024-Kappa Current kit The current kit and teamwear as of the 2024 season will be manufacturer by Kappa, following the en…","…9Prestone2020Hummel2021–2022Iqoniq2022–2023Open Exchange2024-KappaGreenmount Projects Current kit The current kit and teamwear as of the 2024 season will be manufacturer by Kappa, following the end of…",,g,
2205,who serves Bayside Shopping Centre with bus stops on Nepean Highway and Dandenong Valley Highway?,Transdev,Kinetic Melbourne,2024-06-01,2024-07-01 00:00:00,"…tsea, Pearcedale, Carrum and surrounding suburbs. It is served by Transdev with bus stops on Nepean Highway and Dandenong Valley Highway.","…tsea, Pearcedale, Carrum and surrounding suburbs. It is served by Kinetic Melbourne with bus stops on the Nepean Highway and Dandenong Valley Highway. Bayside Shopping Centre also has a multi level ca…",,g,
2206,in which film of the series is Nagayama Aiko the Madonna?,6th film,5th film,2024-06-01,2024-07-01 00:00:00,"…t of the films as ""Gen-chan,"" Nagayama Aiko is the Madonna in the 6th film and Hisashi Igawa is her suitor. Cast TV series Kiyoshi Atsumi as Torajirō Kuruma Chieko Baisho as Sakura Shin Morikawa as Ta…","…t of the films as ""Gen-chan,"" Nagayama Aiko is the Madonna in the 5th film and Hisashi Igawa is her suitor. Cast TV series Kiyoshi Atsumi as Torajirō Kuruma Chieko Baisho as Sakura Shin Morikawa as Ta…",,c,
2207,what is the match against which the caps and goals are correct for Sudan?,Ghana,Angola,2024-11-01,2024-12-01 00:00:00,"… 2025 Africa Cup of Nations qualification Group F matches against Ghana on 10 and 15 October 2024. Caps and goals are correct as of 15 October 2024, after the match against Ghana.","…ca Cup of Nations qualification Group F matches against Niger and Angola on 14 and 18 November 2024. Caps and goals are correct as of 18 November 2024, after the match against Angola.",,g,
2211,how many times was Jacoby Jones selected as an All-Southern Intercollegiate Athletic Conference (SIAC) player at Lane College?,Three,Four,2024-07-01,2024-08-01 00:00:00,"…n II school Lane College in 2003. At Lane College, Jones became a three-time All-Southern Intercollegiate Athletic Conference (SIAC) player his sophomore, junior and senior seasons as well as an excel…","…n II school Lane College in 2003. At Lane College, Jones became a four-time All-Southern Intercollegiate Athletic Conference (SIAC) selection. Jones was a member of Omega Psi Phi Fraternity. In 2024, …",수치?,c,
2218,what type of football player was Samuel Louis Graddy III?,American football player,Professional football player,2024-09-01,2024-10-01 00:00:00,"…dy III (born February 10, 1964) is an American former athlete and American football player, winner of gold medal in 4 × 100 m relay at the 1984 Summer Olympics. Early years Born in Gaffney, South Caro…","…dy III (born February 10, 1964) is an American former athlete and professional football player, winner of gold medal in 4 × 100 m relay at the 1984 Summer Olympics. Early life Born in Gaffney, South C…",,c,
2224,who did Arsenal defeat to become the current champions of the Emirates Cup?,Monaco,Lyon,2024-08-01,2024-09-01 00:00:00,"…ners-up twice. Arsenal are the current champions, having defeated Monaco in the 2023 tournament.","…York Red Bulls in 2011, Galatasaray in 2013, Valencia in 2014 and Lyon in 2019. Lyon are the most regular guests, having been invited to compete in the tournament on four occasions; they won the tourn…",,g,
2232,what is the name of the food-serving pub on Fylde Road that is part of a large chain?,The Shrimper,The Marsh Harrier,2024-08-01,2024-09-01 00:00:00,"…g tradition of Methodism in the former village. However, there is the Shrimper on Fylde Road (next to The Co-operative Food). The Shrimper is a food-serving pub and part of a large chain. A notable fe…","…Methodism and Temperance in the former village. However, there is The Marsh Harrier (formerly named The Shrimper) on Fylde Road (next to The Co-operative Food mini-supermarket development). The Marsh …",,c,
2234,where does the 370/469 bus service run to from Leichhardt?,Coogee,Glebe,2024-11-01,2024-12-01 00:00:00,"…way and Elizabeth Street. The 370 service runs from Leichhardt to Coogee via King Street, Newtown. The 440 service runs from Rozelle to Bondi Junction via Leichhardt, Camperdown and Paddington.","…es. The 470 bus service runs from Lilyfield to the Sydney CBD via Glebe, Broadway and Elizabeth Street. The 469 bus service runs from Leichhardt to Glebe. The 440 service runs from Rozelle to Bondi Ju…",,c,
2236,"where was the American Music Theatre Festival held for the production ""Band in Berlin""?",Pittsburgh,Philadelphia,2024-10-01,2024-11-01 00:00:00,"…nd in Berlin"" performed at the American Music Theatre Festival in Pittsburgh.","…nd in Berlin"" performed at the American Music Theatre Festival in Philadelphia.",,c,
2238,what was Thomas F. Carroll Jr.'s occupation?,An inventor,A furniture store manager,2024-08-01,2024-09-01 00:00:00,"…943, in Detroit, Michigan. Her father, Thomas F. Carroll Jr., was an inventor, and her mother, Betty (née McKinney) Carroll, was a Republican politician in Allen County, Indiana. The oldest of four ch…","…943, in Detroit, Michigan. Her father, Thomas F. Carroll Jr., was a furniture store manager, and her mother, Betty (née McKinney) Carroll, was a Republican politician in Allen County, Indiana. The old…",,c,
2239,what variant of religion do the Aka mainly follow?,Sarok religion,Nyezi-No religion,2024-07-01,2024-08-01 00:00:00,"… are mainly Animists–who are described to follow a variant of the Sarok religion, which means Sky and Earth.","… are mainly Animists–who are described to follow a variant of the Nyezi-No religion, which means Sky and Earth. Occasional contacts with the Assamese and neighbouring Buddhist tribes and Tibetans have…",,c,
2240,what is another name for the Aka ethnic group of Arunachal Pradesh?,Jejulale,Hrusso,2024-07-01,2024-08-01 00:00:00,"…on Ammendment Act ( Schedule Tribe), 2021. The Aka, also known as Jejulale, are an ethnic group of Indian state Arunachal Pradesh. They are found in Bana, Bichom district. Their language belongs to th…","The Aka, also known as Hrusso, are an ethnic group of Indian state Arunachal Pradesh. They are found in various areas of Arunachal Pradesh including the Thrizino Bhalukpong, Buragaon, Jamiri, Palizi, …",,c,
2242,at which high school is Matt Muncy a football coach?,Miamisburg High School,Franklin High School,2024-10-01,2024-11-01 00:00:00,…rmer American football linebacker. He is also a football coach at Miamisburg High School. He was signed by the Cincinnati Bengals as an undrafted free agent in 2007. He played college football at Ohio…,…rmer American football linebacker. He is also a football coach at Franklin High School. He was signed by the Cincinnati Bengals as an undrafted free agent in 2007. He played college football at Ohio. …,,g,
2243,what fraction of the vote is the last amount won by a Republican mayoral candidate in Baltimore?,one quarter,one-third,2024-10-01,2024-11-01 00:00:00,"…; indeed, he is the last Republican mayoral candidate to win even one quarter of the vote in the city. He was the first Republican governor of Maryland to be re-elected, and the only one until Larry H…","…; indeed, he is the last Republican mayoral candidate to win even one-third of the vote in the city. He was the first Republican governor of Maryland to be re-elected, and the only one until Larry Hog…",수치?,c,
2249,what WWE brand does Michael Cole serve as the play-by-play commentator for?,Raw brand,SmackDown brand,2024-08-01,2024-09-01 00:00:00,"…d to WWE, where he serves as the play-by-play commentator for the Raw brand and as the vice president of announcing since 2020. Coulthard began his career in journalism in 1988 for CBS Radio before be…","…d to WWE, where he serves as the play-by-play commentator for the SmackDown brand and as the vice president of announcing since 2020. Coulthard began his career in journalism in 1988 for CBS Radio bef…",,g,
2260,how many prime ministers of New Zealand have held the position for more than one period in office?,Nine,Eight,2024-07-01,2024-08-01 00:00:00,"…o far held the premiership, not including acting prime ministers. Nine prime ministers have held the position for more than one period in office. Richard Seddon, prime minister for thirteen years betw…","…o far held the premiership, not including acting prime ministers. Eight prime ministers have held the position for more than one period in office. Richard Seddon, prime minister for thirteen years bet…",수치?,c,
2274,what genre of music is the band Duran Duran primarily associated with?,New wave,Pop rock,2024-08-01,2024-09-01 00:00:00,"…s There Something I Should Know?"" is the eighth single by English new wave band Duran Duran, released on 14 March 1983. The song was released as a stand-alone single and became the band's first UK num…","…ere Something I Should Know?"" is the eighth single by the English pop rock band Duran Duran, released on 14 March 1983. The song was released as a stand-alone single and became the band's first UK num…",,c,
2287,how many elementary schools are in the Brantley County School District?,six,five,2024-06-01,2024-07-01 00:00:00,"…lve are in the Brantley County School District, which consists of six elementary schools, a middle school, and a high school.Georgia Board of Education, Retrieved May 31, 2010. The district has 196 fu…","…lve are in the Brantley County School District, which consists of five elementary schools, a middle school, and a high school.Georgia Board of Education, Retrieved May 31, 2010. The district has 196 f…",수치?,c,
2307,where did Shake Keane die from stomach cancer at the age of 70?,Oslo,Bergen,2024-07-01,2024-08-01 00:00:00,"…ll, subsequently dying from stomach cancer on 11 November 1997 in Oslo, at the age of 70.","…ll, subsequently dying from stomach cancer on 11 November 1997 in Bergen, at the age of 70.",,c,
2315,what area was annexed by the City of Atlanta along with Emory University?,Villa International,Egleston,2024-07-01,2024-08-01 00:00:00,"Villa International, a Christian ministry that consists of a two-story 33-room guest house for visiting academics and medical staff from multiple countries, was established in 1972 to provide a welcom…","… Emory University Hospital and Children's Healthcare of Atlanta - Egleston Hospital are in the Druid Hills area. The City of Atlanta annexed Egleston and Emory University effective January 1, 2018. - …",,c,
2318,which family settled on a nearby property and called it Tullamore Station?,The Kerley family,The Brophy family,2024-08-01,2024-09-01 00:00:00,"…n Ireland, built a hotel and called it ""Tullie's Exchange Hotel"". The Kerley family, also from the Tullamore area in Ireland, settled on a nearby property and called it Tullamore Station. It is believ…","… in Ireland, built a hotel and called it ""Brophy Exchange Hotel"". The Brophy family, also from the Tullamore area in Ireland, settled on a nearby property and called it Tullamore Station. It is believ…",,c,
2329,what is the name of the rugby football club based in Alpharetta?,Alpharetta Bulls Rugby Football Club,Exiles Rugby Football Club,2024-08-01,2024-09-01 00:00:00,"…il, 101 single-family residences and 250 luxury rental homes. The Alpharetta Bulls Rugby Football Club is a Men's Division 3 Rugby Team competing in the Georgia Rugby Union and USA Rugby competitions.…","… Rugby XVs tournaments across the southeastern United States. The Exiles Rugby Football Club's training grounds are located at Innovation Academy in Alpharetta. North Park, Wills Park, and Webb Bridge…",,g,
2331,who is the current parish chairman of Coxheath?,Mr Clive Parker,Mr Gavin Crickett,2024-06-01,2024-07-01 00:00:00,"… in England and France. Governance The current parish chairman is Mr Clive Parker. Coxheath is part of the parliamentary constituency of Maidstone and the Weald, whose Member of Parliament as of May 2…","… in England and France. Governance The current parish chairman is Mr Gavin Crickett . Coxheath is part of the parliamentary constituency of Maidstone and the Weald, whose Member of Parliament as of Ma…",,g,
2334,in which county was Chris Ryan born in Rowlands Gill?,County Durham,Gateshead,2024-10-01,2024-11-01 00:00:00,… education and military service Ryan was born in Rowlands Gill in County Durham.,… education and military service Ryan was born in Rowlands Gill in Gateshead.,,c,
2335,in which tier of the Republika Srpska league system does FK Famos Vojkovići compete?,Third tier,Second tier,2024-06-01,2024-07-01 00:00:00,"…epublika Srpska, Bosnia and Herzegovina. The club competes in the third tier-Second League of the Republika Srpska. Their neighbors from the community of Hrasnica in Ilidža are only 3,5 kilometers awa…","…epublika Srpska, Bosnia and Herzegovina. The club competes in the second tier-First League of the Republika Srpska. Their neighbors from the community of Hrasnica in Ilidža are only 3,5 kilometers awa…",수치?,g,
2337,how many Aten asteroids have received a name?,Thirteen,Fourteen,2024-07-01,2024-08-01 00:00:00,"…articles, see Aten asteroids (category). Named Atens , a total of thirteen Aten asteroids have received a name.","…articles, see Aten asteroids (category). Named Atens , a total of fourteen Aten asteroids have received a name.",수치?,c,
2341,what was the destination of Thomas Snell and James Sawyer's secretly planned voyage in 1874?,The New World,The United States,2024-07-01,2024-08-01 00:00:00,"…er, 17-year-old friends from London, secretly planned a voyage to the New World. On March 18, James Sawyer and his brother, Charles, left England.","…er, 17-year-old friends from London, secretly planned a voyage to the United States. On March 18, James Sawyer and his brother, Charles, left England.",,c,
2343,where did Cheddar Bob accidentally shoot himself during the brawl with the Free World crew?,The leg,The crotch,2024-11-01,2024-12-01 00:00:00,"…Bob, threatens them with a gun and accidentally shoots himself in the leg; he survives after being rushed to the hospital. During a lunch break at work, one of Jimmy's co-workers performs a freestyle …","…Bob, threatens them with a gun and accidentally shoots himself in the crotch; he survives after being rushed to the hospital. During a lunch break at work, one of Jimmy's co-workers performs a freesty…",,c,
2386,what is the ranking of the University of Maryland Francis King Carey School of Law in terms of age among law schools in the United States?,Second-oldest,Fourth oldest,2024-10-01,2024-11-01 00:00:00,"…school began regular instruction beginning in 1824, and it is the second-oldest law school in the United States, behind only William & Mary Law School. After the law school denied admission to black a…","…tudy. The school began regular instruction in 1824, and it is the fourth oldest law school in the United States. After the law school denied admission to black applicant Donald Gaines Murray on accoun…",수치?,c,
2395,which Grand Prix is the reference point for the correctness of the figures?,São Paulo Grand Prix,Qatar Grand Prix,2024-11-01,2024-12-01 00:00:00,…GU-K: Unlimited Notes: Figures correct as of the 2024 Mexico City Grand Prix Bold indicates engine manufacturers that have competed in Formula One in the 2024 season. World Championship Grand Prix win…,… MGU-K: Unlimited Notes: Figures correct as of the 2024 Las Vegas Grand Prix Bold indicates engine manufacturers that have competed in Formula One in the 2024 season.,,g,
2398,how many home runs did the Angels hit compared to the four home runs given up to the Giants?,One,Two,2024-07-01,2024-08-01 00:00:00,"…s won despite giving up four home runs to the Giants, compared to one by the Angels.","Closer Troy Percival retired the first two batters in the ninth, and, after allowing a mammoth shot from Bonds that landed halfway up the right field bleachers, retired Benito Santiago to even the ser…",수치?,c,
